id,name,Label,labels,entityType,brand,category,country,foundedYear,marketPositioning,price,releaseYear,weight,effectivePixels,ibisStops,afPoints,batteryShots,cardSlots,screenType,videoBitrate,mount,portabilityLevel,focalLength,maxAperture,lensType,coverage,stabilization,ecosystemNote,componentType,indexValue,description,minBudget,maxBudget,experience,mainUse,portabilityNeed,sourcePlatform,sourceRank,sourceTitle,sourceUrl,marketHotScore,marketNote,keyword,sku,title,shop,sold,soldScore,rank,url,capturedAt,cameraModel,lensModel,priceType,priceDate,condition,mediaScore,userScore,pros,cons,reviewDate,targetModel,platform
band_entry,入门预算,PriceBand,PriceBand|Entity,PriceBand,,,,,,,,,,,,,,,,,,,,,,,,,,5000元以内或略高，适合初学者和轻量记录,0,6000,,,,,,,,,,,,,,,,,,,,,,,,,,,,,,
band_high,高端预算,PriceBand,PriceBand|Entity,PriceBand,,,,,,,,,,,,,,,,,,,,,,,,,,12000到20000元，适合进阶创作和全画幅升级,12000,20000,,,,,,,,,,,,,,,,,,,,,,,,,,,,,,
band_mid,中端预算,PriceBand,PriceBand|Entity,PriceBand,,,,,,,,,,,,,,,,,,,,,,,,,,6000到12000元，兼顾画质、便携和成本,6000,12000,,,,,,,,,,,,,,,,,,,,,,,,,,,,,,
band_pro,专业预算,PriceBand,PriceBand|Entity,PriceBand,,,,,,,,,,,,,,,,,,,,,,,,,,20000元以上，适合旗舰性能和商业用途,20000,999999,,,,,,,,,,,,,,,,,,,,,,,,,,,,,,
brand_canon,佳能,Brand,Brand|Entity,Brand,,,日本,1937,专业级,,,,,,,,,,,,,,,,,,,,,,,,,,,,,,,,,,,,,,,,,,,,,,,,,,,,,
brand_dji,大疆,Brand,Brand|Entity,Brand,,,中国,2006,影像稳定器与便携视频设备,,,,,,,,,,,,,,,,,,,,,,,,,,,,,,,,,,,,,,,,,,,,,,,,,,,,,
brand_fuji,富士,Brand,Brand|Entity,Brand,,,日本,1934,专业级,,,,,,,,,,,,,,,,,,,,,,,,,,,,,,,,,,,,,,,,,,,,,,,,,,,,,
brand_hasselblad,哈苏,Brand,Brand|Entity,Brand,,,瑞典,1941,中画幅高端影像,,,,,,,,,,,,,,,,,,,,,,,,,,,,,,,,,,,,,,,,,,,,,,,,,,,,,
brand_leica,徕卡,Brand,Brand|Entity,Brand,,,德国,1914,高端便携与旁轴影像,,,,,,,,,,,,,,,,,,,,,,,,,,,,,,,,,,,,,,,,,,,,,,,,,,,,,
brand_nikon,尼康,Brand,Brand|Entity,Brand,,,日本,1917,专业级,,,,,,,,,,,,,,,,,,,,,,,,,,,,,,,,,,,,,,,,,,,,,,,,,,,,,
brand_om,OM System,Brand,Brand|Entity,Brand,,,日本,2021,轻量化M43户外生态系统,,,,,,,,,,,,,,,,,,,,,,,,,,,,,,,,,,,,,,,,,,,,,,,,,,,,,
brand_panasonic,松下,Brand,Brand|Entity,Brand,,,日本,1918,视频创作与M43/全画幅混合系统,,,,,,,,,,,,,,,,,,,,,,,,,,,,,,,,,,,,,,,,,,,,,,,,,,,,,
brand_ricoh,理光,Brand,Brand|Entity,Brand,,,日本,1936,街拍便携相机,,,,,,,,,,,,,,,,,,,,,,,,,,,,,,,,,,,,,,,,,,,,,,,,,,,,,
brand_sony,索尼,Brand,Brand|Entity,Brand,,,日本,1946,专业级,,,,,,,,,,,,,,,,,,,,,,,,,,,,,,,,,,,,,,,,,,,,,,,,,,,,,
cam_500cm,500 C/M,CameraModel,CameraModel|Entity,CameraModel,哈苏,中画幅微单,,,,39999,1970,1500,0,0,0,300,2,触控屏,,中画幅微单,,,,,,,,,,,,,,,,品牌型号扩容,,,,80,哈苏热门/代表型号，适合studio场景,,,,,,,,,,,,,,,,,,,,,
cam_503cw,503CW,CameraModel,CameraModel|Entity,CameraModel,哈苏,中画幅微单,,,,49999,1996,1600,0,0,0,300,2,触控屏,,中画幅微单,,,,,,,,,,,,,,,,品牌型号扩容,,,,79,哈苏热门/代表型号，适合studio场景,,,,,,,,,,,,,,,,,,,,,
cam_907x100c,907X & CFV 100C,CameraModel,CameraModel|Entity,CameraModel,哈苏,中画幅微单,,,,59999,2024,620,10000,0,294,420,2,触控屏,,中画幅微单,,,,,,,,,,,,,,,,品牌型号扩容,,,,88,哈苏热门/代表型号，适合studio场景,,,,,,,,,,,,,,,,,,,,,
cam_907x50c,907X 50C,CameraModel,CameraModel|Entity,CameraModel,哈苏,中画幅微单,,,,49999,2020,740,5000,0,117,420,2,触控屏,,中画幅微单,,,,,,,,,,,,,,,,品牌型号扩容,,,,89,哈苏热门/代表型号，适合studio场景,,,,,,,,,,,,,,,,,,,,,
cam_a1,Alpha 1,CameraModel,CameraModel|Entity,CameraModel,索尼,全画幅微单,,,,47999,2021,737,5010,5.5,759,420,2,触控屏,200Mbps,全画幅微单,,,,,,,,,,,,,,,,品牌型号扩容,,,,91,索尼热门/代表型号，适合professional场景,,,,,,,,,,,,,,,,,,,,,
cam_a6400,Alpha 6400,CameraModel,CameraModel|Entity,CameraModel,索尼,APS-C画幅微单,,,,5999,2019,403,,,,,,,,,,,,,,,,,,,,,,,,市场补充,,索尼 Alpha 6400 APS-C 微单相机,https://www.sony.com.cn/,82,入门到进阶用户常见选择,,,,,,,,,,,,,,,,,,,,,
cam_a6700,Alpha 6700,CameraModel,CameraModel|Entity,CameraModel,,,,,,9999,2023,493,,,,,,,,,,,,,,,,,,,,,,,,,,,,,,,,,,,,,,,,,,,,,,,,,,
cam_a7c,Alpha 7C,CameraModel,CameraModel|Entity,CameraModel,索尼,全画幅微单,,,,9999,2020,509,,,,,,,,,,,,,,,,,,,,,,,,市场补充,,索尼 Alpha 7C 轻便全画幅微单,https://www.sony.com.cn/,85,轻便全画幅老款，二手和促销市场常见,,,,,,,,,,,,,,,,,,,,,
cam_a7c2,Alpha 7C II,CameraModel,CameraModel|Entity,CameraModel,索尼,全画幅微单,,,,13999,2023,514,3300,7,759,560,1,侧翻触控屏,200Mbps,索尼E卡口,高,,,,,,,,,,,,,,,京东自营微单排行榜,4,索尼 Alpha 7C II 全画幅微单相机 AI智能芯片 4K视频,https://www.jd.com/phb/key_652c33b950d6af2d7e9.html,96,轻便全画幅机身，适合旅行、人像和视频创作,,,,,,,,,,,,,,,,,,,,,
cam_a7cr,Alpha 7CR,CameraModel,CameraModel|Entity,CameraModel,索尼,全画幅微单,,,,20999,2023,515,,,,,,,,,,,,,,,,,,,,,,,,市场补充,,索尼 Alpha 7CR 高像素轻便全画幅微单,https://www.sony.com.cn/,84,轻便高像素全画幅，适合旅行风光,,,,,,,,,,,,,,,,,,,,,
cam_a7m3,Alpha 7 III,CameraModel,CameraModel|Entity,CameraModel,,,,,,11999,2018,650,,,,,,,,,,,,,,,,,,,,,,,,,,,,,,,,,,,,,,,,,,,,,,,,,,
cam_a7m4,Alpha 7 IV,CameraModel,CameraModel|Entity,CameraModel,,,,,,16999,2021,658,,,,,,,,,,,,,,,,,,,,,,,,,,,,,,,,,,,,,,,,,,,,,,,,,,
cam_a7r5,Alpha 7R V,CameraModel,CameraModel|Entity,CameraModel,,,,,,25999,2022,723,,,,,,,,,,,,,,,,,,,,,,,,,,,,,,,,,,,,,,,,,,,,,,,,,,
cam_a7s3,Alpha 7S III,CameraModel,CameraModel|Entity,CameraModel,索尼,全画幅微单,,,,23999,2020,699,1210,5.5,759,420,2,翻折触控屏,200Mbps,全画幅微单,,,,,,,,,,,,,,,,品牌型号扩容,,,,90,索尼热门/代表型号，适合video场景,,,,,,,,,,,,,,,,,,,,,
cam_a9m3,Alpha 9 III,CameraModel,CameraModel|Entity,CameraModel,,,,,,44999,2024,617,,,,,,,,,,,,,,,,,,,,,,,,,,,,,,,,,,,,,,,,,,,,,,,,,,
cam_action3,Osmo Action 3,CameraModel,CameraModel|Entity,CameraModel,大疆,Vlog便携相机,,,,1999,2022,145,1200,0,0,420,1,翻折触控屏,200Mbps,Vlog便携相机,,,,,,,,,,,,,,,,品牌型号扩容,,,,89,大疆热门/代表型号，适合video场景,,,,,,,,,,,,,,,,,,,,,
cam_action4,Osmo Action 4,CameraModel,CameraModel|Entity,CameraModel,大疆,Vlog便携相机,,,,2499,2023,145,1200,0,0,420,1,翻折触控屏,200Mbps,Vlog便携相机,,,,,,,,,,,,,,,,品牌型号扩容,,,,90,大疆热门/代表型号，适合video场景,,,,,,,,,,,,,,,,,,,,,
cam_action5pro,Osmo Action 5 Pro,CameraModel,CameraModel|Entity,CameraModel,大疆,Vlog便携相机,,,,2999,2024,146,4000,0,0,420,1,翻折触控屏,200Mbps,Vlog便携相机,,,,,,,,,,,,,,,,品牌型号扩容,,,,91,大疆热门/代表型号，适合video场景,,,,,,,,,,,,,,,,,,,,,
cam_air3,Air 3,CameraModel,CameraModel|Entity,CameraModel,大疆,Vlog便携相机,,,,6988,2023,720,4800,0,0,420,1,翻折触控屏,200Mbps,Vlog便携相机,,,,,,,,,,,,,,,,品牌型号扩容,,,,84,大疆热门/代表型号，适合video场景,,,,,,,,,,,,,,,,,,,,,
cam_air3s,Air 3S,CameraModel,CameraModel|Entity,CameraModel,大疆,Vlog便携相机,,,,6988,2024,724,5000,0,0,420,1,翻折触控屏,200Mbps,Vlog便携相机,,,,,,,,,,,,,,,,品牌型号扩容,,,,83,大疆热门/代表型号，适合video场景,,,,,,,,,,,,,,,,,,,,,
cam_air_a01,Air A01,CameraModel,CameraModel|Entity,CameraModel,OM System,M43微单,,,,1999,2015,147,1600,0,81,300,1,触控屏,,M43微单,,,,,,,,,,,,,,,,品牌型号扩容,,,,79,OM System热门/代表型号，适合beginner场景,,,,,,,,,,,,,,,,,,,,,
cam_arcbody,ArcBody,CameraModel,CameraModel|Entity,CameraModel,哈苏,中画幅微单,,,,59999,1997,1200,0,0,0,300,2,触控屏,,中画幅微单,,,,,,,,,,,,,,,,品牌型号扩容,,,,78,哈苏热门/代表型号，适合landscape场景,,,,,,,,,,,,,,,,,,,,,
cam_avata2,Avata 2,CameraModel,CameraModel|Entity,CameraModel,大疆,Vlog便携相机,,,,5988,2024,377,1200,0,0,420,1,翻折触控屏,200Mbps,Vlog便携相机,,,,,,,,,,,,,,,,品牌型号扩容,,,,80,大疆热门/代表型号，适合video场景,,,,,,,,,,,,,,,,,,,,,
cam_cl,CL,CameraModel,CameraModel|Entity,CameraModel,徕卡,APS-C画幅微单,,,,14999,2017,403,2420,0,49,300,2,触控屏,,APS-C画幅微单,,,,,,,,,,,,,,,,品牌型号扩容,,,,84,徕卡热门/代表型号，适合travel场景,,,,,,,,,,,,,,,,,,,,,
cam_dlux7,D-LUX 7,CameraModel,CameraModel|Entity,CameraModel,徕卡,便携固定镜头相机,,,,8999,2018,403,1700,0,49,300,1,触控屏,,便携固定镜头相机,,,,,,,,,,,,,,,,品牌型号扩容,,,,82,徕卡热门/代表型号，适合travel场景,,,,,,,,,,,,,,,,,,,,,
cam_dlux8,D-LUX 8,CameraModel,CameraModel|Entity,CameraModel,徕卡,便携固定镜头相机,,,,13000,2024,397,,,,,,,,,,,,,,,,,,,,,,,,京东登录态搜索页,,徕卡 D-LUX8 多功能便携式数码相机,https://item.jd.com/100118069914.html,80,高端便携固定镜头相机，适合旅行和街拍,,,,,,,,,,,,,,,,,,,,,
cam_em10m4,E-M10 Mark IV,CameraModel,CameraModel|Entity,CameraModel,OM System,M43微单,,,,4999,2020,383,2030,4.5,121,420,1,触控屏,,M43微单,,,,,,,,,,,,,,,,品牌型号扩容,,,,88,OM System热门/代表型号，适合beginner场景,,,,,,,,,,,,,,,,,,,,,
cam_em1m2,E-M1 Mark II,CameraModel,CameraModel|Entity,CameraModel,OM System,M43微单,,,,5999,2016,574,2040,5.5,121,300,1,触控屏,,M43微单,,,,,,,,,,,,,,,,品牌型号扩容,,,,82,OM System热门/代表型号，适合sports场景,,,,,,,,,,,,,,,,,,,,,
cam_em1m3,E-M1 Mark III,CameraModel,CameraModel|Entity,CameraModel,OM System,M43微单,,,,8999,2020,580,2040,7.5,121,420,1,触控屏,,M43微单,,,,,,,,,,,,,,,,品牌型号扩容,,,,91,OM System热门/代表型号，适合sports场景,,,,,,,,,,,,,,,,,,,,,
cam_em1x,E-M1X,CameraModel,CameraModel|Entity,CameraModel,OM System,M43微单,,,,12999,2019,997,2040,7.5,121,300,2,触控屏,,M43微单,,,,,,,,,,,,,,,,品牌型号扩容,,,,90,OM System热门/代表型号，适合sports场景,,,,,,,,,,,,,,,,,,,,,
cam_em5m2,E-M5 Mark II,CameraModel,CameraModel|Entity,CameraModel,OM System,M43微单,,,,3999,2015,469,1600,5,81,300,1,触控屏,,M43微单,,,,,,,,,,,,,,,,品牌型号扩容,,,,81,OM System热门/代表型号，适合travel场景,,,,,,,,,,,,,,,,,,,,,
cam_em5m3,E-M5 Mark III,CameraModel,CameraModel|Entity,CameraModel,OM System,M43微单,,,,5999,2019,414,2040,5.5,121,300,1,触控屏,,M43微单,,,,,,,,,,,,,,,,品牌型号扩容,,,,89,OM System热门/代表型号，适合travel场景,,,,,,,,,,,,,,,,,,,,,
cam_epl10,E-PL10,CameraModel,CameraModel|Entity,CameraModel,OM System,M43微单,,,,3999,2019,380,1600,3.5,121,300,1,触控屏,,M43微单,,,,,,,,,,,,,,,,品牌型号扩容,,,,86,OM System热门/代表型号，适合beginner场景,,,,,,,,,,,,,,,,,,,,,
cam_epl9,E-PL9,CameraModel,CameraModel|Entity,CameraModel,OM System,M43微单,,,,2999,2018,380,1600,3.5,121,300,1,触控屏,,M43微单,,,,,,,,,,,,,,,,品牌型号扩容,,,,80,OM System热门/代表型号，适合beginner场景,,,,,,,,,,,,,,,,,,,,,
cam_fx3,FX3,CameraModel,CameraModel|Entity,CameraModel,,,,,,26999,2021,715,1210,5.5,627,600,2,侧翻触控屏,600Mbps,索尼E卡口,中,,,,,,,,,,,,,,,,,,,,,,,,,,,,,,,,,,,,,,,,,
cam_g100d,Lumix G100D,CameraModel,CameraModel|Entity,CameraModel,松下,M43微单,,,,2798,2024,346,,,,,,,,,,,,,,,,,,,,,,,,京东登录态搜索页,,松下G100DK 微单套机12-32mm 4K视频 专业收音,https://item.jd.com/100083084229.html,88,入门Vlog和轻量旅行相机,,,,,,,,,,,,,,,,,,,,,
cam_g95,Lumix G95,CameraModel,CameraModel|Entity,CameraModel,松下,M43微单,,,,4999,2019,536,2030,5,49,300,1,触控屏,,M43微单,,,,,,,,,,,,,,,,品牌型号扩容,,,,83,松下热门/代表型号，适合beginner场景,,,,,,,,,,,,,,,,,,,,,
cam_g9m2,Lumix G9 II,CameraModel,CameraModel|Entity,CameraModel,松下,M43微单,,,,11999,2023,658,2520,8,779,420,1,触控屏,,M43微单,,,,,,,,,,,,,,,,品牌型号扩容,,,,86,松下热门/代表型号，适合sports场景,,,,,,,,,,,,,,,,,,,,,
cam_gfx100m2,GFX100 II,CameraModel,CameraModel|Entity,CameraModel,,,,,,53900,2023,1030,,,,,,,,,,,,,,,,,,,,,,,,,,,,,,,,,,,,,,,,,,,,,,,,,,
cam_gfx100s,GFX100S,CameraModel,CameraModel|Entity,CameraModel,富士,中画幅微单,,,,39999,2021,900,10200,6,425,420,2,触控屏,,中画幅微单,,,,,,,,,,,,,,,,品牌型号扩容,,,,86,富士热门/代表型号，适合studio场景,,,,,,,,,,,,,,,,,,,,,
cam_gfx50s2,GFX 50S II,CameraModel,CameraModel|Entity,CameraModel,富士,中画幅微单,,,,24999,2021,900,5140,6.5,425,420,2,触控屏,,中画幅微单,,,,,,,,,,,,,,,,品牌型号扩容,,,,87,富士热门/代表型号，适合studio场景,,,,,,,,,,,,,,,,,,,,,
cam_gh5m2,Lumix GH5 II,CameraModel,CameraModel|Entity,CameraModel,松下,M43微单,,,,7999,2021,727,2030,6.5,225,420,1,翻折触控屏,200Mbps,M43微单,,,,,,,,,,,,,,,,品牌型号扩容,,,,84,松下热门/代表型号，适合video场景,,,,,,,,,,,,,,,,,,,,,
cam_gh6,Lumix GH6,CameraModel,CameraModel|Entity,CameraModel,松下,M43微单,,,,9999,2022,823,2520,7.5,315,420,1,翻折触控屏,200Mbps,M43微单,,,,,,,,,,,,,,,,品牌型号扩容,,,,85,松下热门/代表型号，适合video场景,,,,,,,,,,,,,,,,,,,,,
cam_gh7,Lumix GH7,CameraModel,CameraModel|Entity,CameraModel,松下,M43微单,,,,14999,2024,805,2520,7.5,779,380,2,侧翻触控屏,800Mbps,松下M43卡口,中,,,,,,,,,,,,,,,市场补充,,松下 Lumix GH7 M43视频旗舰,https://www.panasonic.cn/,82,M43视频旗舰，适合专业视频创作,,,,,,,,,,,,,,,,,,,,,
cam_gr,GR,CameraModel,CameraModel|Entity,CameraModel,理光,便携固定镜头相机,,,,2999,2013,245,1620,0,0,300,1,触控屏,,便携固定镜头相机,,,,,,,,,,,,,,,,品牌型号扩容,,,,86,理光热门/代表型号，适合street场景,,,,,,,,,,,,,,,,,,,,,
cam_gr2,GR II,CameraModel,CameraModel|Entity,CameraModel,理光,便携固定镜头相机,,,,3999,2015,251,1620,0,0,300,1,触控屏,,便携固定镜头相机,,,,,,,,,,,,,,,,品牌型号扩容,,,,91,理光热门/代表型号，适合street场景,,,,,,,,,,,,,,,,,,,,,
cam_gr3,GR III,CameraModel,CameraModel|Entity,CameraModel,理光,便携固定镜头相机,,,,6999,2019,257,2420,3,0,200,1,固定触控屏,,固定镜头,极高,,,,,,,,,,,,,,,市场补充,,理光 GR III 街拍相机,https://www.ricoh-imaging.com/,89,街拍经典机型，小巧高画质,,,,,,,,,,,,,,,,,,,,,
cam_gr3street,GR III Street Edition,CameraModel,CameraModel|Entity,CameraModel,理光,便携固定镜头相机,,,,7999,2020,257,2420,3,0,420,1,触控屏,,便携固定镜头相机,,,,,,,,,,,,,,,,品牌型号扩容,,,,88,理光热门/代表型号，适合street场景,,,,,,,,,,,,,,,,,,,,,
cam_gr3x,GR IIIx,CameraModel,CameraModel|Entity,CameraModel,理光,便携固定镜头相机,,,,7499,2021,262,,,,,,,,,,,,,,,,,,,,,,,,市场补充,,理光 GR IIIx 街拍相机,https://www.ricoh-imaging.com/,86,40mm视角街拍便携机,,,,,,,,,,,,,,,,,,,,,
cam_gr3xhdf,GR IIIx HDF,CameraModel,CameraModel|Entity,CameraModel,理光,便携固定镜头相机,,,,8499,2024,262,2420,3,0,420,1,触控屏,,便携固定镜头相机,,,,,,,,,,,,,,,,品牌型号扩容,,,,89,理光热门/代表型号，适合street场景,,,,,,,,,,,,,,,,,,,,,
cam_gr3xurban,GR IIIx Urban Edition,CameraModel,CameraModel|Entity,CameraModel,理光,便携固定镜头相机,,,,8499,2022,262,2420,3,0,420,1,触控屏,,便携固定镜头相机,,,,,,,,,,,,,,,,品牌型号扩容,,,,87,理光热门/代表型号，适合street场景,,,,,,,,,,,,,,,,,,,,,
cam_griiihdf,GR III HDF,CameraModel,CameraModel|Entity,CameraModel,理光,便携固定镜头相机,,,,7999,2024,257,2420,3,0,420,1,触控屏,,便携固定镜头相机,,,,,,,,,,,,,,,,品牌型号扩容,,,,90,理光热门/代表型号，适合street场景,,,,,,,,,,,,,,,,,,,,,
cam_gx9,Lumix GX9,CameraModel,CameraModel|Entity,CameraModel,松下,M43微单,,,,3999,2018,450,2030,4,49,300,1,触控屏,,M43微单,,,,,,,,,,,,,,,,品牌型号扩容,,,,82,松下热门/代表型号，适合street场景,,,,,,,,,,,,,,,,,,,,,
cam_gxr,GXR,CameraModel,CameraModel|Entity,CameraModel,理光,便携固定镜头相机,,,,1999,2009,370,1200,0,0,300,1,触控屏,,便携固定镜头相机,,,,,,,,,,,,,,,,品牌型号扩容,,,,85,理光热门/代表型号，适合street场景,,,,,,,,,,,,,,,,,,,,,
cam_h4d40,H4D-40,CameraModel,CameraModel|Entity,CameraModel,哈苏,中画幅微单,,,,59999,2010,2290,4000,0,0,300,2,触控屏,,中画幅微单,,,,,,,,,,,,,,,,品牌型号扩容,,,,84,哈苏热门/代表型号，适合studio场景,,,,,,,,,,,,,,,,,,,,,
cam_h5d50c,H5D-50c,CameraModel,CameraModel|Entity,CameraModel,哈苏,中画幅微单,,,,99999,2014,2290,5000,0,0,300,2,触控屏,,中画幅微单,,,,,,,,,,,,,,,,品牌型号扩容,,,,85,哈苏热门/代表型号，适合studio场景,,,,,,,,,,,,,,,,,,,,,
cam_h6d100c,H6D-100c,CameraModel,CameraModel|Entity,CameraModel,哈苏,中画幅微单,,,,239999,2016,2130,10000,0,0,300,2,触控屏,,中画幅微单,,,,,,,,,,,,,,,,品牌型号扩容,,,,87,哈苏热门/代表型号，适合studio场景,,,,,,,,,,,,,,,,,,,,,
cam_h6d50c,H6D-50c,CameraModel,CameraModel|Entity,CameraModel,哈苏,中画幅微单,,,,159999,2016,2130,5000,0,0,300,2,触控屏,,中画幅微单,,,,,,,,,,,,,,,,品牌型号扩容,,,,86,哈苏热门/代表型号，适合studio场景,,,,,,,,,,,,,,,,,,,,,
cam_hv,HV,CameraModel,CameraModel|Entity,CameraModel,哈苏,全画幅微单,,,,59999,2014,733,2430,0,25,300,2,触控屏,,全画幅微单,,,,,,,,,,,,,,,,品牌型号扩容,,,,81,哈苏热门/代表型号，适合portrait场景,,,,,,,,,,,,,,,,,,,,,
cam_inspire3,Inspire 3,CameraModel,CameraModel|Entity,CameraModel,大疆,Vlog便携相机,,,,79888,2023,3995,8000,0,0,420,2,触控屏,200Mbps,Vlog便携相机,,,,,,,,,,,,,,,,品牌型号扩容,,,,79,大疆热门/代表型号，适合professional场景,,,,,,,,,,,,,,,,,,,,,
cam_lunar,Lunar,CameraModel,CameraModel|Entity,CameraModel,哈苏,APS-C画幅微单,,,,29999,2013,411,2430,0,25,300,2,触控屏,,APS-C画幅微单,,,,,,,,,,,,,,,,品牌型号扩容,,,,83,哈苏热门/代表型号，适合travel场景,,,,,,,,,,,,,,,,,,,,,
cam_lx100m2,Lumix LX100 II,CameraModel,CameraModel|Entity,CameraModel,松下,便携固定镜头相机,,,,5999,2018,392,1700,0,49,300,1,触控屏,,便携固定镜头相机,,,,,,,,,,,,,,,,品牌型号扩容,,,,81,松下热门/代表型号，适合street场景,,,,,,,,,,,,,,,,,,,,,
cam_m10r,M10-R,CameraModel,CameraModel|Entity,CameraModel,徕卡,便携固定镜头相机,,,,52000,2020,660,4000,0,0,420,2,触控屏,,便携固定镜头相机,,,,,,,,,,,,,,,,品牌型号扩容,,,,79,徕卡热门/代表型号，适合street场景,,,,,,,,,,,,,,,,,,,,,
cam_m11,M11,CameraModel,CameraModel|Entity,CameraModel,徕卡,便携固定镜头相机,,,,68000,2022,530,6030,0,0,420,2,触控屏,,便携固定镜头相机,,,,,,,,,,,,,,,,品牌型号扩容,,,,91,徕卡热门/代表型号，适合street场景,,,,,,,,,,,,,,,,,,,,,
cam_m11m,M11 Monochrom,CameraModel,CameraModel|Entity,CameraModel,徕卡,便携固定镜头相机,,,,78000,2023,540,6030,0,0,420,2,触控屏,,便携固定镜头相机,,,,,,,,,,,,,,,,品牌型号扩容,,,,89,徕卡热门/代表型号，适合street场景,,,,,,,,,,,,,,,,,,,,,
cam_m11p,M11-P,CameraModel,CameraModel|Entity,CameraModel,徕卡,便携固定镜头相机,,,,72000,2023,530,6030,0,0,420,2,触控屏,,便携固定镜头相机,,,,,,,,,,,,,,,,品牌型号扩容,,,,90,徕卡热门/代表型号，适合street场景,,,,,,,,,,,,,,,,,,,,,
cam_mavic3classic,Mavic 3 Classic,CameraModel,CameraModel|Entity,CameraModel,大疆,Vlog便携相机,,,,9288,2022,895,2000,0,0,420,1,翻折触控屏,200Mbps,Vlog便携相机,,,,,,,,,,,,,,,,品牌型号扩容,,,,85,大疆热门/代表型号，适合video场景,,,,,,,,,,,,,,,,,,,,,
cam_mavic3pro,Mavic 3 Pro,CameraModel,CameraModel|Entity,CameraModel,大疆,Vlog便携相机,,,,13888,2023,958,2000,0,0,420,2,翻折触控屏,200Mbps,Vlog便携相机,,,,,,,,,,,,,,,,品牌型号扩容,,,,86,大疆热门/代表型号，适合video场景,,,,,,,,,,,,,,,,,,,,,
cam_mini3pro,Mini 3 Pro,CameraModel,CameraModel|Entity,CameraModel,大疆,Vlog便携相机,,,,3988,2022,249,4800,0,0,420,1,触控屏,,Vlog便携相机,,,,,,,,,,,,,,,,品牌型号扩容,,,,81,大疆热门/代表型号，适合travel场景,,,,,,,,,,,,,,,,,,,,,
cam_mini4pro,Mini 4 Pro,CameraModel,CameraModel|Entity,CameraModel,大疆,Vlog便携相机,,,,4788,2023,249,4800,0,0,420,1,触控屏,,Vlog便携相机,,,,,,,,,,,,,,,,品牌型号扩容,,,,82,大疆热门/代表型号，适合travel场景,,,,,,,,,,,,,,,,,,,,,
cam_om1,OM-1,CameraModel,CameraModel|Entity,CameraModel,OM System,M43微单,,,,12999,2022,599,2040,8,1053,420,2,触控屏,,M43微单,,,,,,,,,,,,,,,,品牌型号扩容,,,,83,OM System热门/代表型号，适合sports场景,,,,,,,,,,,,,,,,,,,,,
cam_om1m2,OM-1 Mark II,CameraModel,CameraModel|Entity,CameraModel,OM System,M43微单,,,,16999,2024,599,,,,,,,,,,,,,,,,,,,,,,,,市场补充,,OM System OM-1 Mark II M43旗舰,https://explore.omsystem.com/,80,高速连拍、防护和生态拍摄,,,,,,,,,,,,,,,,,,,,,
cam_om5,OM-5,CameraModel,CameraModel|Entity,CameraModel,OM System,M43微单,,,,7999,2022,414,,,,,,,,,,,,,,,,,,,,,,,,市场补充,,OM System OM-5 M43微单,https://explore.omsystem.com/,78,轻量户外旅行与生态题材,,,,,,,,,,,,,,,,,,,,,
cam_osmo_action,Osmo Action,CameraModel,CameraModel|Entity,CameraModel,大疆,Vlog便携相机,,,,1299,2019,134,1200,0,0,300,1,翻折触控屏,200Mbps,Vlog便携相机,,,,,,,,,,,,,,,,品牌型号扩容,,,,87,大疆热门/代表型号，适合video场景,,,,,,,,,,,,,,,,,,,,,
cam_penf,PEN-F,CameraModel,CameraModel|Entity,CameraModel,OM System,M43微单,,,,7999,2016,427,2030,5,81,300,1,触控屏,,M43微单,,,,,,,,,,,,,,,,品牌型号扩容,,,,87,OM System热门/代表型号，适合street场景,,,,,,,,,,,,,,,,,,,,,
cam_pocket2,Osmo Pocket 2,CameraModel,CameraModel|Entity,CameraModel,大疆,Vlog便携相机,,,,2499,2020,117,6400,0,0,420,1,翻折触控屏,200Mbps,Vlog便携相机,,,,,,,,,,,,,,,,品牌型号扩容,,,,88,大疆热门/代表型号，适合video场景,,,,,,,,,,,,,,,,,,,,,
cam_pocket3,Osmo Pocket 3,CameraModel,CameraModel|Entity,CameraModel,大疆,Vlog便携相机,,,,3499,2023,179,940,0,0,166,1,旋转触控屏,130Mbps,固定镜头云台,极高,,,,,,,,,,,,,,,市场补充,,大疆 Osmo Pocket 3 便携云台相机,https://www.dji.com/cn/osmo-pocket-3,94,口袋云台相机，适合Vlog、直播和旅行记录,,,,,,,,,,,,,,,,,,,,,
cam_q2,Q2,CameraModel,CameraModel|Entity,CameraModel,徕卡,便携固定镜头相机,,,,33900,2019,734,4730,0,225,300,2,触控屏,,便携固定镜头相机,,,,,,,,,,,,,,,,品牌型号扩容,,,,88,徕卡热门/代表型号，适合travel场景,,,,,,,,,,,,,,,,,,,,,
cam_q3,Q3,CameraModel,CameraModel|Entity,CameraModel,徕卡,便携固定镜头相机,,,,46900,2023,743,,,,,,,,,,,,,,,,,,,,,,,,市场补充,,徕卡 Q3 全画幅便携相机,https://leica-camera.com/,76,高端全画幅固定镜头相机,,,,,,,,,,,,,,,,,,,,,
cam_r1,EOS R1,CameraModel,CameraModel|Entity,CameraModel,佳能,全画幅微单,,,,45999,2024,920,2420,8.5,1053,420,2,触控屏,,全画幅微单,,,,,,,,,,,,,,,,品牌型号扩容,,,,87,佳能热门/代表型号，适合sports场景,,,,,,,,,,,,,,,,,,,,,
cam_r10,EOS R10,CameraModel,CameraModel|Entity,CameraModel,佳能,APS-C画幅微单,,,,6799,2022,429,,,,,,,,,,,,,,,,,,,,,,,,市场补充,,佳能 EOS R10 APS-C 微单相机,https://www.canon.com.cn/,86,对焦和连拍表现较好，适合入门进阶,,,,,,,,,,,,,,,,,,,,,
cam_r100,EOS R100,CameraModel,CameraModel|Entity,CameraModel,佳能,APS-C画幅微单,,,,3999,2023,356,2410,0,143,430,1,固定屏,120Mbps,佳能RF卡口,高,,,,,,,,,,,,,,,京东自营数码微单排行榜,,佳能 EOS R100 入门级微单相机 旅行家用学生vlog,https://www.jd.com/phb/key_65248aeaf2fae7926b5.html,91,低价入门微单，适合学生和家庭记录,,,,,,,,,,,,,,,,,,,,,
cam_r10_old,EOS R10,CameraModel,CameraModel|Entity,CameraModel,佳能,APS-C画幅微单,,,,6799,2022,429,2420,0,651,420,1,触控屏,,APS-C画幅微单,,,,,,,,,,,,,,,,品牌型号扩容,,,,90,佳能热门/代表型号，适合beginner场景,,,,,,,,,,,,,,,,,,,,,
cam_r3,EOS R3,CameraModel,CameraModel|Entity,CameraModel,,,,,,36999,2021,1015,,,,,,,,,,,,,,,,,,,,,,,,,,,,,,,,,,,,,,,,,,,,,,,,,,
cam_r5,EOS R5,CameraModel,CameraModel|Entity,CameraModel,佳能,全画幅微单,,,,21999,2020,738,4500,8,1053,420,2,触控屏,,全画幅微单,,,,,,,,,,,,,,,,品牌型号扩容,,,,91,佳能热门/代表型号，适合landscape场景,,,,,,,,,,,,,,,,,,,,,
cam_r50,EOS R50,CameraModel,CameraModel|Entity,CameraModel,,,,,,4599,2023,375,2420,0,651,370,1,侧翻触控屏,120Mbps,佳能RF卡口,高,,,,,,,,,,,,,,,,,,,,,,,,,,,,,,,,,,,,,,,,,
cam_r5c,EOS R5 C,CameraModel,CameraModel|Entity,CameraModel,佳能,全画幅微单,,,,26999,2022,770,4500,0,1053,420,2,翻折触控屏,200Mbps,全画幅微单,,,,,,,,,,,,,,,,品牌型号扩容,,,,88,佳能热门/代表型号，适合video场景,,,,,,,,,,,,,,,,,,,,,
cam_r5m2,EOS R5 Mark II,CameraModel,CameraModel|Entity,CameraModel,,,,,,26999,2024,746,,,,,,,,,,,,,,,,,,,,,,,,,,,,,,,,,,,,,,,,,,,,,,,,,,
cam_r6,EOS R6,CameraModel,CameraModel|Entity,CameraModel,,,,,,12999,2020,680,,,,,,,,,,,,,,,,,,,,,,,,,,,,,,,,,,,,,,,,,,,,,,,,,,
cam_r6m2,EOS R6 Mark II,CameraModel,CameraModel|Entity,CameraModel,,,,,,15499,2022,670,,,,,,,,,,,,,,,,,,,,,,,,,,,,,,,,,,,,,,,,,,,,,,,,,,
cam_r7,EOS R7,CameraModel,CameraModel|Entity,CameraModel,,,,,,8999,2022,612,,,,,,,,,,,,,,,,,,,,,,,,,,,,,,,,,,,,,,,,,,,,,,,,,,
cam_r8,EOS R8,CameraModel,CameraModel|Entity,CameraModel,佳能,全画幅微单,,,,10499,2023,461,,,,,,,,,,,,,,,,,,,,,,,,市场补充,,佳能 EOS R8 轻量全画幅微单相机,https://www.canon.com.cn/,89,轻量全画幅，适合人像、旅行和视频,,,,,,,,,,,,,,,,,,,,,
cam_r8_dup,EOS R8,CameraModel,CameraModel|Entity,CameraModel,佳能,全画幅微单,,,,10499,2023,461,2420,0,1053,420,1,触控屏,,全画幅微单,,,,,,,,,,,,,,,,品牌型号扩容,,,,89,佳能热门/代表型号，适合portrait场景,,,,,,,,,,,,,,,,,,,,,
cam_rp,EOS RP,CameraModel,CameraModel|Entity,CameraModel,佳能,全画幅微单,,,,6999,2019,485,,,,,,,,,,,,,,,,,,,,,,,,市场补充,,佳能 EOS RP 入门全画幅微单,https://www.canon.com.cn/,78,低价全画幅入门选择,,,,,,,,,,,,,,,,,,,,,
cam_rs3pro,Ronin 4D,CameraModel,CameraModel|Entity,CameraModel,大疆,Vlog便携相机,,,,46888,2021,4670,6000,0,0,420,2,触控屏,200Mbps,Vlog便携相机,,,,,,,,,,,,,,,,品牌型号扩容,,,,78,大疆热门/代表型号，适合professional场景,,,,,,,,,,,,,,,,,,,,,
cam_s1,Lumix S1,CameraModel,CameraModel|Entity,CameraModel,松下,全画幅微单,,,,10999,2019,1021,2420,6,225,300,1,触控屏,,全画幅微单,,,,,,,,,,,,,,,,品牌型号扩容,,,,91,松下热门/代表型号，适合portrait场景,,,,,,,,,,,,,,,,,,,,,
cam_s1h,Lumix S1H,CameraModel,CameraModel|Entity,CameraModel,松下,全画幅微单,,,,21999,2019,1164,2420,6,225,300,2,翻折触控屏,200Mbps,全画幅微单,,,,,,,,,,,,,,,,品牌型号扩容,,,,89,松下热门/代表型号，适合video场景,,,,,,,,,,,,,,,,,,,,,
cam_s1r,Lumix S1R,CameraModel,CameraModel|Entity,CameraModel,松下,全画幅微单,,,,16999,2019,1020,4730,6,225,300,2,触控屏,,全画幅微单,,,,,,,,,,,,,,,,品牌型号扩容,,,,90,松下热门/代表型号，适合landscape场景,,,,,,,,,,,,,,,,,,,,,
cam_s5,Lumix S5,CameraModel,CameraModel|Entity,CameraModel,松下,全画幅微单,,,,7999,2020,714,2420,6.5,225,420,1,翻折触控屏,200Mbps,全画幅微单,,,,,,,,,,,,,,,,品牌型号扩容,,,,88,松下热门/代表型号，适合video场景,,,,,,,,,,,,,,,,,,,,,
cam_s5m2,Lumix S5 II,CameraModel,CameraModel|Entity,CameraModel,松下,全画幅微单,,,,10999,2023,740,,,,,,,,,,,,,,,,,,,,,,,,市场补充,,松下 Lumix S5 II 全画幅微单相机,https://www.panasonic.cn/,84,全画幅视频和照片均衡机型,,,,,,,,,,,,,,,,,,,,,
cam_s5m2x,Lumix S5 IIX,CameraModel,CameraModel|Entity,CameraModel,松下,全画幅微单,,,,13999,2023,740,2420,6.5,779,420,2,翻折触控屏,200Mbps,全画幅微单,,,,,,,,,,,,,,,,品牌型号扩容,,,,87,松下热门/代表型号，适合video场景,,,,,,,,,,,,,,,,,,,,,
cam_s9,Lumix S9,CameraModel,CameraModel|Entity,CameraModel,松下,全画幅微单,,,,7999,2024,486,2420,6.5,779,470,1,侧翻触控屏,200Mbps,L卡口,高,,,,,,,,,,,,,,,京东登录态搜索页,,松下S9N 银色丨12期免息丨下单送好礼！,https://item.jd.com/10121433099690.html,86,全画幅轻便视频机，适合Vlog、旅行和日常创作,,,,,,,,,,,,,,,,,,,,,
cam_sl2,SL2,CameraModel,CameraModel|Entity,CameraModel,徕卡,全画幅微单,,,,38900,2019,835,4730,5.5,225,300,2,触控屏,,全画幅微单,,,,,,,,,,,,,,,,品牌型号扩容,,,,87,徕卡热门/代表型号，适合studio场景,,,,,,,,,,,,,,,,,,,,,
cam_sl2s,SL2-S,CameraModel,CameraModel|Entity,CameraModel,徕卡,全画幅微单,,,,32900,2020,850,2420,5.5,225,420,2,翻折触控屏,200Mbps,全画幅微单,,,,,,,,,,,,,,,,品牌型号扩容,,,,86,徕卡热门/代表型号，适合video场景,,,,,,,,,,,,,,,,,,,,,
cam_sl3,SL3,CameraModel,CameraModel|Entity,CameraModel,徕卡,全画幅微单,,,,54800,2024,769,6030,5,779,420,2,触控屏,,全画幅微单,,,,,,,,,,,,,,,,品牌型号扩容,,,,85,徕卡热门/代表型号，适合landscape场景,,,,,,,,,,,,,,,,,,,,,
cam_sofort2,Sofort 2,CameraModel,CameraModel|Entity,CameraModel,徕卡,便携固定镜头相机,,,,2999,2023,320,500,0,0,420,1,触控屏,,便携固定镜头相机,,,,,,,,,,,,,,,,品牌型号扩容,,,,80,徕卡热门/代表型号，适合beginner场景,,,,,,,,,,,,,,,,,,,,,
cam_stellar,Stellar,CameraModel,CameraModel|Entity,CameraModel,哈苏,便携固定镜头相机,,,,14999,2013,240,2020,0,25,300,2,触控屏,,便携固定镜头相机,,,,,,,,,,,,,,,,品牌型号扩容,,,,82,哈苏热门/代表型号，适合travel场景,,,,,,,,,,,,,,,,,,,,,
cam_tg6,TG-6,CameraModel,CameraModel|Entity,CameraModel,OM System,便携固定镜头相机,,,,2999,2019,253,1200,0,25,300,1,触控屏,,便携固定镜头相机,,,,,,,,,,,,,,,,品牌型号扩容,,,,84,OM System热门/代表型号，适合travel场景,,,,,,,,,,,,,,,,,,,,,
cam_tg7,TG-7,CameraModel,CameraModel|Entity,CameraModel,OM System,便携固定镜头相机,,,,3999,2023,249,1200,0,25,420,1,触控屏,,便携固定镜头相机,,,,,,,,,,,,,,,,品牌型号扩容,,,,85,OM System热门/代表型号，适合travel场景,,,,,,,,,,,,,,,,,,,,,
cam_theta_sc2,Theta SC2,CameraModel,CameraModel|Entity,CameraModel,理光,Vlog便携相机,,,,1999,2019,104,1400,0,0,300,1,翻折触控屏,200Mbps,Vlog便携相机,,,,,,,,,,,,,,,,品牌型号扩容,,,,79,理光热门/代表型号，适合video场景,,,,,,,,,,,,,,,,,,,,,
cam_theta_x,Theta X,CameraModel,CameraModel|Entity,CameraModel,理光,Vlog便携相机,,,,5999,2022,170,6000,0,0,420,1,翻折触控屏,200Mbps,Vlog便携相机,,,,,,,,,,,,,,,,品牌型号扩容,,,,80,理光热门/代表型号，适合video场景,,,,,,,,,,,,,,,,,,,,,
cam_theta_z1,Theta Z1,CameraModel,CameraModel|Entity,CameraModel,理光,Vlog便携相机,,,,6999,2019,182,2300,0,0,300,1,翻折触控屏,200Mbps,Vlog便携相机,,,,,,,,,,,,,,,,品牌型号扩容,,,,81,理光热门/代表型号，适合video场景,,,,,,,,,,,,,,,,,,,,,
cam_tl2,TL2,CameraModel,CameraModel|Entity,CameraModel,徕卡,APS-C画幅微单,,,,9999,2017,399,2420,0,49,300,1,触控屏,,APS-C画幅微单,,,,,,,,,,,,,,,,品牌型号扩容,,,,83,徕卡热门/代表型号，适合street场景,,,,,,,,,,,,,,,,,,,,,
cam_vlux5,V-LUX 5,CameraModel,CameraModel|Entity,CameraModel,徕卡,便携固定镜头相机,,,,9999,2019,812,2010,0,49,300,1,触控屏,,便携固定镜头相机,,,,,,,,,,,,,,,,品牌型号扩容,,,,81,徕卡热门/代表型号，适合travel场景,,,,,,,,,,,,,,,,,,,,,
cam_wg6,WG-6,CameraModel,CameraModel|Entity,CameraModel,理光,便携固定镜头相机,,,,1999,2019,246,2000,0,9,300,1,触控屏,,便携固定镜头相机,,,,,,,,,,,,,,,,品牌型号扩容,,,,82,理光热门/代表型号，适合travel场景,,,,,,,,,,,,,,,,,,,,,
cam_wg7,WG-7,CameraModel,CameraModel|Entity,CameraModel,理光,便携固定镜头相机,,,,2499,2021,246,2000,0,9,420,1,触控屏,,便携固定镜头相机,,,,,,,,,,,,,,,,品牌型号扩容,,,,83,理光热门/代表型号，适合travel场景,,,,,,,,,,,,,,,,,,,,,
cam_wg8,WG-8,CameraModel,CameraModel|Entity,CameraModel,理光,便携固定镜头相机,,,,2999,2024,242,2000,0,9,420,1,触控屏,,便携固定镜头相机,,,,,,,,,,,,,,,,品牌型号扩容,,,,84,理光热门/代表型号，适合travel场景,,,,,,,,,,,,,,,,,,,,,
cam_x100vi,X100VI,CameraModel,CameraModel|Entity,CameraModel,,,,,,11390,2024,521,,,,,,,,,,,,,,,,,,,,,,,,,,,,,,,,,,,,,,,,,,,,,,,,,,
cam_x1d,X1D,CameraModel,CameraModel|Entity,CameraModel,哈苏,中画幅微单,,,,29999,2016,725,5000,0,117,300,2,触控屏,,中画幅微单,,,,,,,,,,,,,,,,品牌型号扩容,,,,91,哈苏热门/代表型号，适合studio场景,,,,,,,,,,,,,,,,,,,,,
cam_x1d2,X1D II 50C,CameraModel,CameraModel|Entity,CameraModel,哈苏,中画幅微单,,,,39999,2019,766,5000,0,117,300,2,触控屏,,中画幅微单,,,,,,,,,,,,,,,,品牌型号扩容,,,,90,哈苏热门/代表型号，适合studio场景,,,,,,,,,,,,,,,,,,,,,
cam_x2d,X2D 100C,CameraModel,CameraModel|Entity,CameraModel,哈苏,中画幅微单,,,,54800,2022,895,10000,7,294,420,2,翻折触控屏,,哈苏XCD卡口,低,,,,,,,,,,,,,,,市场补充,,哈苏 X2D 100C 中画幅无反,https://www.hasselblad.com/,74,高端中画幅高像素机型，适合商业和风光,,,,,,,,,,,,,,,,,,,,,
cam_xh2,X-H2,CameraModel,CameraModel|Entity,CameraModel,富士,APS-C画幅微单,,,,13999,2022,660,4020,7,425,420,2,触控屏,,APS-C画幅微单,,,,,,,,,,,,,,,,品牌型号扩容,,,,91,富士热门/代表型号，适合landscape场景,,,,,,,,,,,,,,,,,,,,,
cam_xh2s,X-H2S,CameraModel,CameraModel|Entity,CameraModel,,,,,,16700,2022,660,,,,,,,,,,,,,,,,,,,,,,,,,,,,,,,,,,,,,,,,,,,,,,,,,,
cam_xm5,X-M5,CameraModel,CameraModel|Entity,CameraModel,富士,APS-C画幅微单,,,,5999,2024,355,,,,,,,,,,,,,,,,,,,,,,,,京东自营微单排行榜,9,富士 X-M5 微单相机 2610万像素 AI智能对焦 胶片模拟,https://www.jd.com/phb/key_652c33b950d6af2d7e9.html,89,轻量复古入门机，适合街拍和旅行,,,,,,,,,,,,,,,,,,,,,
cam_xpro3,X-Pro3,CameraModel,CameraModel|Entity,CameraModel,富士,APS-C画幅微单,,,,12999,2019,497,2610,0,425,300,2,触控屏,,APS-C画幅微单,,,,,,,,,,,,,,,,品牌型号扩容,,,,90,富士热门/代表型号，适合street场景,,,,,,,,,,,,,,,,,,,,,
cam_xs10,X-S10,CameraModel,CameraModel|Entity,CameraModel,富士,APS-C画幅微单,,,,6999,2020,465,,,,,,,,,,,,,,,,,,,,,,,,市场补充,,富士 X-S10 微单相机,https://www.fujifilm.com.cn/,80,具备防抖和胶片模拟，性价比较好,,,,,,,,,,,,,,,,,,,,,
cam_xs20,X-S20,CameraModel,CameraModel|Entity,CameraModel,富士,APS-C画幅微单,,,,9199,2023,491,2610,7,425,750,1,侧翻触控屏,360Mbps,富士X卡口,高,,,,,,,,,,,,,,,京东自营微单排行榜,1,富士 X-S20 微单相机 AI智能对焦 750张续航 Vlog模式,https://www.jd.com/phb/key_652c33b950d6af2d7e9.html,98,热销便携视频机，适合旅行、Vlog和直出,,,,,,,,,,,,,,,,,,,,,
cam_xt3,X-T3,CameraModel,CameraModel|Entity,CameraModel,富士,APS-C画幅微单,,,,5999,2018,539,2610,0,425,300,1,触控屏,,APS-C画幅微单,,,,,,,,,,,,,,,,品牌型号扩容,,,,88,富士热门/代表型号，适合street场景,,,,,,,,,,,,,,,,,,,,,
cam_xt30iii,X-T30III,CameraModel,CameraModel|Entity,CameraModel,富士,APS-C画幅微单,,,,7449,2025,,,,,,,,,,,,,,,,,,,,,,,,,京东登录态搜索页,,富士（FUJIFILM）富士XT30三代 XT30III 三代入门微单数码相机 4KVlog摄影摄像机 X-T30III银+XC15-45mm变焦镜头 官方标配（机身+肩带+原装电池）,https://item.jd.com/10137496294268.html,79,京东搜索页出现的富士入门复古微单，适合入门、街拍和Vlog,,,,,,,,,,,,,,,,,,,,,
cam_xt4,X-T4,CameraModel,CameraModel|Entity,CameraModel,富士,APS-C画幅微单,,,,8999,2020,607,2610,6.5,425,420,1,翻折触控屏,200Mbps,APS-C画幅微单,,,,,,,,,,,,,,,,品牌型号扩容,,,,89,富士热门/代表型号，适合video场景,,,,,,,,,,,,,,,,,,,,,
cam_xt5,X-T5,CameraModel,CameraModel|Entity,CameraModel,,,,,,11990,2022,557,4020,7,425,580,2,三向翻折屏,360Mbps,富士X卡口,中,,,,,,,,,,,,,,,,,,,,,,,,,,,,,,,,,,,,,,,,,
cam_xt50,X-T50,CameraModel,CameraModel|Entity,CameraModel,,,,,,9999,2024,438,,,,,,,,,,,,,,,,,,,,,,,,,,,,,,,,,,,,,,,,,,,,,,,,,,
cam_z30,Z 30,CameraModel,CameraModel|Entity,CameraModel,尼康,APS-C画幅微单,,,,4999,2022,405,,,,,,,,,,,,,,,,,,,,,,,,市场补充,,尼康 Z30 Vlog 微单相机,https://www.nikon.com.cn/,90,入门视频和日常记录机型,,,,,,,,,,,,,,,,,,,,,
cam_z30_new,Z 30,CameraModel,CameraModel|Entity,CameraModel,尼康,APS-C画幅微单,,,,4999,2022,405,2088,0,209,420,1,翻折触控屏,200Mbps,APS-C画幅微单,,,,,,,,,,,,,,,,品牌型号扩容,,,,89,尼康热门/代表型号，适合video场景,,,,,,,,,,,,,,,,,,,,,
cam_z5,Z 5,CameraModel,CameraModel|Entity,CameraModel,尼康,全画幅微单,,,,7999,2020,675,2430,5,273,420,1,触控屏,,全画幅微单,,,,,,,,,,,,,,,,品牌型号扩容,,,,90,尼康热门/代表型号，适合beginner场景,,,,,,,,,,,,,,,,,,,,,
cam_z50,Z 50,CameraModel,CameraModel|Entity,CameraModel,,,,,,5599,2019,450,,,,,,,,,,,,,,,,,,,,,,,,,,,,,,,,,,,,,,,,,,,,,,,,,,
cam_z50m2,Z 50II,CameraModel,CameraModel|Entity,CameraModel,尼康,APS-C画幅微单,,,,6999,2024,550,,,,,,,,,,,,,,,,,,,,,,,,京东自营微单排行榜,8,尼康 Z50II 18-140mm VR 微单套机 Z50二代,https://www.jd.com/phb/key_652c33b950d6af2d7e9.html,91,适合新手和旅行，套机焦段覆盖广,,,,,,,,,,,,,,,,,,,,,
cam_z5m2,Z5 II,CameraModel,CameraModel|Entity,CameraModel,尼康,全画幅微单,,,,10999,2025,700,,,,,,,,,,,,,,,,,,,,,,,,市场补充,,尼康 Z5 II 全画幅微单相机,https://www.nikon.com.cn/,86,入门全画幅升级选择,,,,,,,,,,,,,,,,,,,,,
cam_z6,Z 6,CameraModel,CameraModel|Entity,CameraModel,尼康,全画幅微单,,,,7999,2018,675,2450,5,273,300,1,触控屏,,全画幅微单,,,,,,,,,,,,,,,,品牌型号扩容,,,,85,尼康热门/代表型号，适合portrait场景,,,,,,,,,,,,,,,,,,,,,
cam_z6m2,Z 6II,CameraModel,CameraModel|Entity,CameraModel,尼康,全画幅微单,,,,9999,2020,705,2450,5,273,420,1,触控屏,,全画幅微单,,,,,,,,,,,,,,,,品牌型号扩容,,,,86,尼康热门/代表型号，适合portrait场景,,,,,,,,,,,,,,,,,,,,,
cam_z6m3,Z 6III,CameraModel,CameraModel|Entity,CameraModel,,,,,,16999,2024,760,,,,,,,,,,,,,,,,,,,,,,,,,,,,,,,,,,,,,,,,,,,,,,,,,,
cam_z7,Z 7,CameraModel,CameraModel|Entity,CameraModel,尼康,全画幅微单,,,,9999,2018,675,4575,5,493,300,1,触控屏,,全画幅微单,,,,,,,,,,,,,,,,品牌型号扩容,,,,87,尼康热门/代表型号，适合landscape场景,,,,,,,,,,,,,,,,,,,,,
cam_z7m2,Z 7II,CameraModel,CameraModel|Entity,CameraModel,尼康,全画幅微单,,,,14999,2020,705,4575,5,493,420,2,触控屏,,全画幅微单,,,,,,,,,,,,,,,,品牌型号扩容,,,,91,尼康热门/代表型号，适合landscape场景,,,,,,,,,,,,,,,,,,,,,
cam_z8,Z 8,CameraModel,CameraModel|Entity,CameraModel,,,,,,27999,2023,910,,,,,,,,,,,,,,,,,,,,,,,,,,,,,,,,,,,,,,,,,,,,,,,,,,
cam_z9,Z 9,CameraModel,CameraModel|Entity,CameraModel,,,,,,35999,2021,1340,,,,,,,,,,,,,,,,,,,,,,,,,,,,,,,,,,,,,,,,,,,,,,,,,,
cam_zf,Z f,CameraModel,CameraModel|Entity,CameraModel,,,,,,13799,2023,710,,,,,,,,,,,,,,,,,,,,,,,,,,,,,,,,,,,,,,,,,,,,,,,,,,
cam_zfc,Z fc,CameraModel,CameraModel|Entity,CameraModel,尼康,APS-C画幅微单,,,,6999,2021,445,2088,0,209,420,1,触控屏,,APS-C画幅微单,,,,,,,,,,,,,,,,品牌型号扩容,,,,88,尼康热门/代表型号，适合street场景,,,,,,,,,,,,,,,,,,,,,
cam_zv1m2,ZV-1 II,CameraModel,CameraModel|Entity,CameraModel,索尼,Vlog便携相机,,,,5499,2023,292,2010,0,315,420,1,翻折触控屏,200Mbps,Vlog便携相机,,,,,,,,,,,,,,,,品牌型号扩容,,,,89,索尼热门/代表型号，适合video场景,,,,,,,,,,,,,,,,,,,,,
cam_zve10,ZV-E10,CameraModel,CameraModel|Entity,CameraModel,索尼,APS-C画幅微单,,,,4599,2021,343,2420,0,425,440,1,侧翻屏,100Mbps,索尼E卡口,高,,,,,,,,,,,,,,,京东自营数码微单排行榜,7,索尼 ZV-E10K 半画幅直播4K视频 Vlog美颜神器,https://www.jd.com/phb/key_65248aeaf2fae7926b5.html,93,Vlog和入门视频创作热销机型,,,,,,,,,,,,,,,,,,,,,
cam_zve10m2,ZV-E10 II,CameraModel,CameraModel|Entity,CameraModel,索尼,APS-C画幅微单,,,,6999,2024,377,,,,,,,,,,,,,,,,,,,,,,,,市场补充,,索尼 ZV-E10 II Vlog 微单相机,https://www.sony.com.cn/,88,新一代Vlog入门机，适合视频和直播,,,,,,,,,,,,,,,,,,,,,
cat_apsc,APS-C画幅微单,CameraCategory,CameraCategory|Entity,CameraCategory,,,,,,,,,,,,,,,,,,,,,,,,,,,,,,,,,,,,,,,,,,,,,,,,,,,,,,,,,,
cat_compact,便携固定镜头相机,CameraCategory,CameraCategory|Entity,CameraCategory,,,,,,,,,,,,,,,,,,,,,,,,,,,,,,,,,,,,,,,,,,,,,,,,,,,,,,,,,,
cat_ff,全画幅微单,CameraCategory,CameraCategory|Entity,CameraCategory,,,,,,,,,,,,,,,,,,,,,,,,,,,,,,,,,,,,,,,,,,,,,,,,,,,,,,,,,,
cat_m43,M43微单,CameraCategory,CameraCategory|Entity,CameraCategory,,,,,,,,,,,,,,,,,,,,,,,,,,,,,,,,,,,,,,,,,,,,,,,,,,,,,,,,,,
cat_mf,中画幅微单,CameraCategory,CameraCategory|Entity,CameraCategory,,,,,,,,,,,,,,,,,,,,,,,,,,,,,,,,,,,,,,,,,,,,,,,,,,,,,,,,,,
cat_vlog_compact,Vlog便携相机,CameraCategory,CameraCategory|Entity,CameraCategory,,,,,,,,,,,,,,,,,,,,,,,,,,,,,,,,,,,,,,,,,,,,,,,,,,,,,,,,,,
comp_bionz_xr,BIONZ XR,Component,Component|Entity,Component,,,,,,,,,,,,,,,,,,,,,,,,图像处理器,,,,,,,,,,,,,,,,,,,,,,,,,,,,,,,,,,
comp_digic_x,DIGIC X,Component,Component|Entity,Component,,,,,,,,,,,,,,,,,,,,,,,,图像处理器,,,,,,,,,,,,,,,,,,,,,,,,,,,,,,,,,,
comp_exmor_r,Exmor R CMOS,Component,Component|Entity,Component,,,,,,,,,,,,,,,,,,,,,,,,图像传感器,,,,,,,,,,,,,,,,,,,,,,,,,,,,,,,,,,
comp_exmor_rs,Exmor RS CMOS,Component,Component|Entity,Component,,,,,,,,,,,,,,,,,,,,,,,,图像传感器,,,,,,,,,,,,,,,,,,,,,,,,,,,,,,,,,,
comp_expeed_7,EXPEED 7,Component,Component|Entity,Component,,,,,,,,,,,,,,,,,,,,,,,,图像处理器,,,,,,,,,,,,,,,,,,,,,,,,,,,,,,,,,,
comp_x_proc_5,X-Processor 5,Component,Component|Entity,Component,,,,,,,,,,,,,,,,,,,,,,,,图像处理器,,,,,,,,,,,,,,,,,,,,,,,,,,,,,,,,,,
comp_xtrans_5,X-Trans CMOS 5 HR,Component,Component|Entity,Component,,,,,,,,,,,,,,,,,,,,,,,,图像传感器,,,,,,,,,,,,,,,,,,,,,,,,,,,,,,,,,,
index_10fps,10fps 连拍速度,ParameterIndex,ParameterIndex|Entity,ParameterIndex,,,,,,,,,,,,,,,,,,,,,,,,,10fps,,,,,,,,,,,,,,,,,,,,,,,,,,,,,,,,,
index_120fps,120fps 连拍速度,ParameterIndex,ParameterIndex|Entity,ParameterIndex,,,,,,,,,,,,,,,,,,,,,,,,,120fps,,,,,,,,,,,,,,,,,,,,,,,,,,,,,,,,,
index_20fps,20fps 连拍速度,ParameterIndex,ParameterIndex|Entity,ParameterIndex,,,,,,,,,,,,,,,,,,,,,,,,,20fps,,,,,,,,,,,,,,,,,,,,,,,,,,,,,,,,,
index_30fps,30fps 连拍速度,ParameterIndex,ParameterIndex|Entity,ParameterIndex,,,,,,,,,,,,,,,,,,,,,,,,,30fps,,,,,,,,,,,,,,,,,,,,,,,,,,,,,,,,,
index_4k120p,4K 120p 视频规格,ParameterIndex,ParameterIndex|Entity,ParameterIndex,,,,,,,,,,,,,,,,,,,,,,,,,4K 120p,,,,,,,,,,,,,,,,,,,,,,,,,,,,,,,,,
index_4k60p,4K 60p 视频规格,ParameterIndex,ParameterIndex|Entity,ParameterIndex,,,,,,,,,,,,,,,,,,,,,,,,,4K 60p,,,,,,,,,,,,,,,,,,,,,,,,,,,,,,,,,
index_8k30p,8K 30p 视频规格,ParameterIndex,ParameterIndex|Entity,ParameterIndex,,,,,,,,,,,,,,,,,,,,,,,,,8K 30p,,,,,,,,,,,,,,,,,,,,,,,,,,,,,,,,,
lens_c100500,RF 100-500mm F4.5-7.1 L IS USM,Lens,Lens|Entity,Lens,佳能,,,,,19999,,1530,,,,,,,,佳能RF卡口,,100-500mm,F4.5-7.1,超长焦变焦,全画幅,IS,,,,,,,,,,市场热销镜头扩容,,,,86,生态体育长焦,,,,,,,,,,,,,,,,,,,,,
lens_c1535,RF 15-35mm F2.8 L IS USM,Lens,Lens|Entity,Lens,佳能,,,,,15999,,840,,,,,,,,佳能RF卡口,,15-35mm,F2.8,广角变焦,全画幅,IS,,,,,,,,,,市场热销镜头扩容,,,,87,风光视频广角大三元,,,,,,,,,,,,,,,,,,,,,
lens_c18150,RF-S 18-150mm F3.5-6.3 IS STM,Lens,Lens|Entity,Lens,佳能,,,,,3299,,310,,,,,,,,佳能RF卡口,,18-150mm,F3.5-6.3,旅行变焦,APS-C,IS,佳能RF-S旅行大变焦,,,,,,,,,市场补充,,佳能 RF-S 旅行变焦镜头,https://www.canon.com.cn/,,APS-C一镜走天下,,,,,,,,,,,,,,,,,,,,,
lens_c1845,RF-S 18-45mm F4.5-6.3 IS STM,Lens,Lens|Entity,Lens,佳能,,,,,1499,,130,,,,,,,,佳能RF卡口,,18-45mm,F4.5-6.3,标准变焦,APS-C,IS,佳能RF-S入门套头,,,,,,,,,市场补充,,佳能 RF-S 入门套机镜头,https://www.canon.com.cn/,,R50/R100常见套机镜头,,,,,,,,,,,,,,,,,,,,,
lens_c24105,RF 24-105mm F4-7.1 IS STM,Lens,Lens|Entity,Lens,佳能,,,,,2999,,395,,,,,,,,佳能RF卡口,,24-105mm,F4-7.1,标准变焦,全画幅,IS,佳能全画幅轻量标准变焦,,,,,,,,,市场补充,,佳能 RF 全画幅轻量标准变焦,https://www.canon.com.cn/,,轻便全画幅标准变焦,,,,,,,,,,,,,,,,,,,,,
lens_c2470,RF 24-70mm F2.8 L IS USM,Lens,Lens|Entity,Lens,,,,,,15999,,,,,,,,,,,,24-70mm,F2.8,,,,,,,,,,,,,,,,,,,,,,,,,,,,,,,,,,,,,,,
lens_c2870,RF 28-70mm F2 L USM,Lens,Lens|Entity,Lens,佳能,,,,,21999,,1430,,,,,,,,佳能RF卡口,,28-70mm,F2,标准变焦,全画幅,无,,,,,,,,,,市场热销镜头扩容,,,,85,高端人像商业标准变焦,,,,,,,,,,,,,,,,,,,,,
lens_c3518,RF 35mm F1.8 MACRO IS STM,Lens,Lens|Entity,Lens,佳能,,,,,3499,,305,,,,,,,,佳能RF卡口,,35mm,F1.8,定焦,全画幅,IS,,,,,,,,,,市场热销镜头扩容,,,,89,轻便人文街拍定焦,,,,,,,,,,,,,,,,,,,,,
lens_c50,RF 50mm F1.2 L USM,Lens,Lens|Entity,Lens,,,,,,16499,,,,,,,,,,,,50mm,F1.2,,,,,,,,,,,,,,,,,,,,,,,,,,,,,,,,,,,,,,,
lens_c5018,RF 50mm F1.8 STM,Lens,Lens|Entity,Lens,佳能,,,,,999,,160,,,,,,,,佳能RF卡口,,50mm,F1.8,定焦,全画幅,无,,,,,,,,,,市场热销镜头扩容,,,,84,入门人像小痰盂,,,,,,,,,,,,,,,,,,,,,
lens_c70200,RF 70-200mm F2.8 L IS USM,Lens,Lens|Entity,Lens,,,,,,17999,,,,,,,,,,,,70-200mm,F2.8,,,,,,,,,,,,,,,,,,,,,,,,,,,,,,,,,,,,,,,
lens_c8512,RF 85mm F1.2 L USM,Lens,Lens|Entity,Lens,佳能,,,,,18999,,1195,,,,,,,,佳能RF卡口,,85mm,F1.2,定焦,全画幅,无,,,,,,,,,,市场热销镜头扩容,,,,88,高端人像定焦,,,,,,,,,,,,,,,,,,,,,
lens_f1024,XF 10-24mm F4 R OIS WR,Lens,Lens|Entity,Lens,富士,,,,,6999,,385,,,,,,,,富士X卡口,,10-24mm,F4,广角变焦,APS-C,OIS,,,,,,,,,,市场热销镜头扩容,,,,74,风光旅行广角,,,,,,,,,,,,,,,,,,,,,
lens_f1545,XC 15-45mm F3.5-5.6 OIS PZ,Lens,Lens|Entity,Lens,富士,,,,,1399,,135,,,,,,,,富士X卡口,,15-45mm,F3.5-5.6,标准变焦,APS-C,OIS,富士轻便电动套头,,,,,,,,,市场补充,,富士 XC 15-45mm 电动变焦套头,https://www.fujifilm.com.cn/,,轻便入门套机镜头,,,,,,,,,,,,,,,,,,,,,
lens_f1650,XF 16-50mm F2.8-4.8 R LM WR,Lens,Lens|Entity,Lens,富士,,,,,4999,,240,,,,,,,,富士X卡口,,16-50mm,F2.8-4.8,标准变焦,APS-C,无,富士新款轻便变焦,,,,,,,,,京东自营微单排行榜,,富士 X-T50/X-T5 16-50mm套机,https://www.jd.com/phb/key_652c33b950d6af2d7e9.html,,新款轻便标准变焦套机镜头,,,,,,,,,,,,,,,,,,,,,
lens_f1655,XF 16-55mm F2.8 R LM WR,Lens,Lens|Entity,Lens,,,,,,7999,,,,,,,,,,,,16-55mm,F2.8,,,,,,,,,,,,,,,,,,,,,,,,,,,,,,,,,,,,,,,
lens_f1855,XF 18-55mm F2.8-4 R LM OIS,Lens,Lens|Entity,Lens,,,,,,2399,,,,,,,,,,,,18-55mm,F2.8-4,,,,,,,,,,,,,,,,,,,,,,,,,,,,,,,,,,,,,,,
lens_f23f2,XF 23mm F2 R WR,Lens,Lens|Entity,Lens,富士,,,,,2999,,180,,,,,,,,富士X卡口,,23mm,F2,定焦,APS-C,无,,,,,,,,,,市场热销镜头扩容,,,,77,街拍人文定焦,,,,,,,,,,,,,,,,,,,,,
lens_f35f2,XF 35mm F2 R WR,Lens,Lens|Entity,Lens,富士,,,,,2799,,170,,,,,,,,富士X卡口,,35mm,F2,定焦,APS-C,无,,,,,,,,,,市场热销镜头扩容,,,,76,小巧人像街拍定焦,,,,,,,,,,,,,,,,,,,,,
lens_f50140,XF 50-140mm F2.8 R LM OIS WR,Lens,Lens|Entity,Lens,富士,,,,,8999,,995,,,,,,,,富士X卡口,,50-140mm,F2.8,长焦变焦,APS-C,OIS,,,,,,,,,,市场热销镜头扩容,,,,73,人像活动长焦,,,,,,,,,,,,,,,,,,,,,
lens_f56f12,XF 56mm F1.2 R WR,Lens,Lens|Entity,Lens,富士,,,,,6999,,445,,,,,,,,富士X卡口,,56mm,F1.2,定焦,APS-C,无,,,,,,,,,,市场热销镜头扩容,,,,75,富士高端人像定焦,,,,,,,,,,,,,,,,,,,,,
lens_fxc35,XC 35mm F2,Lens,Lens|Entity,Lens,富士,,,,,1399,,130,,,,,,,,富士X卡口,,35mm,F2,,,,,,,,,,,,,京东自营微单排行榜,,富士 X-S20/X-M5 XC35 镜头套装,https://www.jd.com/phb/key_652c33b950d6af2d7e9.html,,富士入门定焦，适合人像和街拍,,,,,,,,,,,,,,,,,,,,,
lens_h_xcd45p,XCD 45mm F4 P,Lens,Lens|Entity,Lens,哈苏,,,,,8999,,320,,,,,,,,哈苏XCD卡口,,45mm,F4,定焦,中画幅,无,,,,,,,,,,市场热销镜头扩容,,,,66,哈苏轻便中画幅标准定焦,,,,,,,,,,,,,,,,,,,,,
lens_lux28,Summilux 28mm F1.7 ASPH,Lens,Lens|Entity,Lens,徕卡,,,,,0,,0,,,,,,,,固定镜头,,28mm,F1.7,固定镜头,全画幅,无,,,,,,,,,,市场热销镜头扩容,,,,67,徕卡Q系列固定镜头,,,,,,,,,,,,,,,,,,,,,
lens_n1430,NIKKOR Z 14-30mm f/4 S,Lens,Lens|Entity,Lens,尼康,,,,,7999,,485,,,,,,,,尼康Z卡口,,14-30mm,f/4,广角变焦,全画幅,无,,,,,,,,,,市场热销镜头扩容,,,,81,风光超广角变焦,,,,,,,,,,,,,,,,,,,,,
lens_n1650,NIKKOR Z DX 16-50mm f/3.5-6.3 VR,Lens,Lens|Entity,Lens,尼康,,,,,1699,,135,,,,,,,,尼康Z卡口,,16-50mm,f/3.5-6.3,标准变焦,APS-C,VR,尼康Z DX轻便套头,,,,,,,,,市场补充,,尼康 Z DX 16-50mm 套机镜头,https://www.nikon.com.cn/,,Z30/Z50系列轻便套头,,,,,,,,,,,,,,,,,,,,,
lens_n180600,NIKKOR Z 180-600mm f/5.6-6.3 VR,Lens,Lens|Entity,Lens,尼康,,,,,12999,,1955,,,,,,,,尼康Z卡口,,180-600mm,f/5.6-6.3,超长焦变焦,全画幅,VR,,,,,,,,,,市场热销镜头扩容,,,,79,生态体育热门长焦,,,,,,,,,,,,,,,,,,,,,
lens_n18140,NIKKOR Z DX 18-140mm f/3.5-6.3 VR,Lens,Lens|Entity,Lens,尼康,,,,,3999,,315,,,,,,,,尼康Z卡口,,18-140mm,f/3.5-6.3,旅行变焦,APS-C,VR,尼康Z DX旅行大变焦,,,,,,,,,京东自营微单排行榜,,尼康 Z50II 18-140mm VR 微单套机,https://www.jd.com/phb/key_652c33b950d6af2d7e9.html,,旅行大变焦套机镜头,,,,,,,,,,,,,,,,,,,,,
lens_n24120,NIKKOR Z 24-120mm f/4 S,Lens,Lens|Entity,Lens,尼康,,,,,7999,,630,,,,,,,,尼康Z卡口,,24-120mm,f/4,标准变焦,全画幅,无,,,,,,,,,,市场热销镜头扩容,,,,80,旅行全能标准变焦,,,,,,,,,,,,,,,,,,,,,
lens_n2450,NIKKOR Z 24-50mm f/4-6.3,Lens,Lens|Entity,Lens,尼康,,,,,2499,,195,,,,,,,,尼康Z卡口,,24-50mm,f/4-6.3,,,,,,,,,,,,,市场补充,,尼康 Z 全画幅轻便套机镜头,https://www.nikon.com.cn/,,入门全画幅轻便套头,,,,,,,,,,,,,,,,,,,,,
lens_n2470,NIKKOR Z 24-70mm f/2.8 S,Lens,Lens|Entity,Lens,,,,,,15499,,,,,,,,,,,,24-70mm,f/2.8,,,,,,,,,,,,,,,,,,,,,,,,,,,,,,,,,,,,,,,
lens_n35f18,NIKKOR Z 35mm f/1.8 S,Lens,Lens|Entity,Lens,尼康,,,,,5499,,370,,,,,,,,尼康Z卡口,,35mm,f/1.8,定焦,全画幅,无,,,,,,,,,,市场热销镜头扩容,,,,83,街拍人文定焦,,,,,,,,,,,,,,,,,,,,,
lens_n40f2,NIKKOR Z 40mm f/2,Lens,Lens|Entity,Lens,尼康,,,,,1799,,170,,,,,,,,尼康Z卡口,,40mm,f/2,定焦,全画幅,无,,,,,,,,,,市场热销镜头扩容,,,,78,轻便街拍定焦,,,,,,,,,,,,,,,,,,,,,
lens_n50,NIKKOR Z 50mm f/1.2 S,Lens,Lens|Entity,Lens,,,,,,14999,,,,,,,,,,,,50mm,f/1.2,,,,,,,,,,,,,,,,,,,,,,,,,,,,,,,,,,,,,,,
lens_n70200,NIKKOR Z 70-200mm f/2.8 VR S,Lens,Lens|Entity,Lens,,,,,,17499,,,,,,,,,,,,70-200mm,f/2.8,,,,,,,,,,,,,,,,,,,,,,,,,,,,,,,,,,,,,,,
lens_n85f18,NIKKOR Z 85mm f/1.8 S,Lens,Lens|Entity,Lens,尼康,,,,,5999,,470,,,,,,,,尼康Z卡口,,85mm,f/1.8,定焦,全画幅,无,,,,,,,,,,市场热销镜头扩容,,,,82,人像定焦,,,,,,,,,,,,,,,,,,,,,
lens_om1245,M.Zuiko 12-45mm F4 PRO,Lens,Lens|Entity,Lens,,OM System,,,,3999,,254,,,,,,,,M43卡口,,12-45mm,F4,标准变焦,M43,无,OM轻便PRO变焦,,,,,,,,,76,,市场补充,OM System 12-45mm F4 PRO,,https://explore.omsystem.com/,,,,,,,,,,,,,,,,,,,,,
lens_om300f4,M.Zuiko 300mm F4 IS PRO,Lens,Lens|Entity,Lens,OM System,,,,,18999,,1270,,,,,,,,M43卡口,,300mm,F4,超长焦定焦,M43,IS,,,,,,,,,,市场热销镜头扩容,,,,68,轻量生态打鸟定焦,,,,,,,,,,,,,,,,,,,,,
lens_om40150,M.Zuiko 40-150mm F2.8 PRO,Lens,Lens|Entity,Lens,OM System,,,,,8999,,760,,,,,,,,M43卡口,,40-150mm,F2.8,长焦变焦,M43,无,,,,,,,,,,市场热销镜头扩容,,,,69,M43生态运动长焦,,,,,,,,,,,,,,,,,,,,,
lens_p1232,Lumix G 12-32mm F3.5-5.6,Lens,Lens|Entity,Lens,,松下,,,,1299,,70,,,,,,,,松下M43卡口,,12-32mm,F3.5-5.6,标准变焦,M43,MEGA OIS,松下M43饼干变焦,,,,,,,,,78,,市场补充,松下 M43 12-32mm 套机镜头,,https://www.panasonic.cn/,,,,,,,,,,,,,,,,,,,,,
lens_p1260,Lumix G 12-60mm F2.8-4 OIS,Lens,Lens|Entity,Lens,松下,,,,,4999,,320,,,,,,,,松下M43卡口,,12-60mm,F2.8-4,标准变焦,M43,OIS,,,,,,,,,,市场热销镜头扩容,,,,70,M43旅行变焦,,,,,,,,,,,,,,,,,,,,,
lens_p2060,Lumix S 20-60mm F3.5-5.6,Lens,Lens|Entity,Lens,,松下,,,,3999,,350,,,,,,,,L卡口,,20-60mm,F3.5-5.6,标准变焦,全画幅,无,松下全画幅套头,,,,,,,,,76,,市场补充,松下 L卡口 20-60mm 套机镜头,,https://www.panasonic.cn/,,,,,,,,,,,,,,,,,,,,,
lens_p2470,Lumix S Pro 24-70mm F2.8,Lens,Lens|Entity,Lens,松下,,,,,12999,,935,,,,,,,,L卡口,,24-70mm,F2.8,标准变焦,全画幅,无,,,,,,,,,,市场热销镜头扩容,,,,72,松下全画幅大三元,,,,,,,,,,,,,,,,,,,,,
lens_p70200,Lumix S Pro 70-200mm F2.8 OIS,Lens,Lens|Entity,Lens,松下,,,,,16999,,1570,,,,,,,,L卡口,,70-200mm,F2.8,长焦变焦,全画幅,OIS,,,,,,,,,,市场热销镜头扩容,,,,71,全画幅长焦大三元,,,,,,,,,,,,,,,,,,,,,
lens_s1224f4,FE 12-24mm F4 G,Lens,Lens|Entity,Lens,索尼,,,,,11999,,565,,,,,,,,索尼E卡口,,12-24mm,F4,超广角变焦,全画幅,无,,,,,,,,,,市场热销镜头扩容,,,,91,风光建筑超广角镜头,,,,,,,,,,,,,,,,,,,,,
lens_s1650p,E PZ 16-50mm F3.5-5.6 OSS,Lens,Lens|Entity,Lens,索尼,,,,,1299,,116,,,,,,,,索尼E卡口,,16-50mm,F3.5-5.6,标准变焦,APS-C,OSS,索尼APS-C轻便套头,,,,,,,,,京东自营数码微单排行榜,,索尼 ZV-E10K 标准镜头套装,https://www.jd.com/phb/key_65248aeaf2fae7926b5.html,,APS-C轻便电动变焦套头,,,,,,,,,,,,,,,,,,,,,
lens_s18135,E 18-135mm F3.5-5.6 OSS,Lens,Lens|Entity,Lens,索尼,,,,,3999,,325,,,,,,,,索尼E卡口,,18-135mm,F3.5-5.6,旅行变焦,APS-C,OSS,索尼APS-C一镜走天下,,,,,,,,,市场补充,,索尼 APS-C 旅行变焦镜头,https://www.sony.com.cn/,,APS-C旅行大变焦,,,,,,,,,,,,,,,,,,,,,
lens_s200600,FE 200-600mm F5.6-6.3 G OSS,Lens,Lens|Entity,Lens,索尼,,,,,13999,,2115,,,,,,,,索尼E卡口,,200-600mm,F5.6-6.3,超长焦变焦,全画幅,OSS,,,,,,,,,,市场热销镜头扩容,,,,90,生态体育常用长焦,,,,,,,,,,,,,,,,,,,,,
lens_s20f18g,FE 20mm F1.8 G,Lens,Lens|Entity,Lens,索尼,,,,,6499,,373,,,,,,,,索尼E卡口,,20mm,F1.8,定焦,全画幅,无,,,,,,,,,,市场热销镜头扩容,,,,92,风光星空和Vlog广角定焦,,,,,,,,,,,,,,,,,,,,,
lens_s24105,FE 24-105mm F4 G OSS,Lens,Lens|Entity,Lens,索尼,,,,,7499,,663,,,,,,,,索尼E卡口,,24-105mm,F4,标准变焦,全画幅,OSS,索尼全画幅常用挂机镜头,,,,,,,,,京东自营微单排行榜,,索尼 Alpha 7 IV + SEL24105G 套装,https://www.jd.com/phb/key_652c33b950d6af2d7e9.html,,一镜走天下全画幅标准变焦,,,,,,,,,,,,,,,,,,,,,
lens_s2470,FE 24-70mm F2.8 GM II,Lens,Lens|Entity,Lens,,,,,,14499,,,,,,,,,,,,24-70mm,F2.8,,,,,,,,,,,,,,,,,,,,,,,,,,,,,,,,,,,,,,,
lens_s2860,FE 28-60mm F4-5.6,Lens,Lens|Entity,Lens,索尼,,,,,2999,,167,,,,,,,,索尼E卡口,,28-60mm,F4-5.6,,,,,,,,,,,,,京东自营微单排行榜,,索尼 Alpha 7C II 含2860镜头套装,https://www.jd.com/phb/key_652c33b950d6af2d7e9.html,,轻便全画幅套机镜头,,,,,,,,,,,,,,,,,,,,,
lens_s35f18,FE 35mm F1.8,Lens,Lens|Entity,Lens,索尼,,,,,3999,,280,,,,,,,,索尼E卡口,,35mm,F1.8,定焦,全画幅,无,,,,,,,,,,市场热销镜头扩容,,,,95,人像/街拍常用轻便定焦,,,,,,,,,,,,,,,,,,,,,
lens_s50,FE 50mm F1.2 GM,Lens,Lens|Entity,Lens,,,,,,15999,,,,,,,,,,,,50mm,F1.2,,,,,,,,,,,,,,,,,,,,,,,,,,,,,,,,,,,,,,,
lens_s55f18,Sonnar T* FE 55mm F1.8 ZA,Lens,Lens|Entity,Lens,索尼,,,,,4999,,281,,,,,,,,索尼E卡口,,55mm,F1.8,定焦,全画幅,无,,,,,,,,,,市场热销镜头扩容,,,,93,轻便高画质标准定焦,,,,,,,,,,,,,,,,,,,,,
lens_s70200,FE 70-200mm F2.8 GM OSS II,Lens,Lens|Entity,Lens,,,,,,18999,,,,,,,,,,,,70-200mm,F2.8,,,,,,,,,,,,,,,,,,,,,,,,,,,,,,,,,,,,,,,
lens_s85f18,FE 85mm F1.8,Lens,Lens|Entity,Lens,索尼,,,,,4299,,371,,,,,,,,索尼E卡口,,85mm,F1.8,定焦,全画幅,无,,,,,,,,,,市场热销镜头扩容,,,,94,高性价比人像定焦,,,,,,,,,,,,,,,,,,,,,
offer_jd_100013051295,索尼ZV-E10半画幅微黑色单机身,ProductOffer,ProductOffer|Entity,ProductOffer,,,,,,3018.6,,,,,,,,,,,,,,,,,,,,,,,,,,,,,,,,微单相机,100013051295,索尼ZV-E10半画幅微黑色单机身,SONY京东自营旗舰店,已售9万+,90000,微单相机热卖榜第1名,https://item.jd.com/100013051295.html,2026-06-06T07:20:34.772Z,ZV-E10,,,,,,,,,,,京东
offer_jd_100064843454,索尼A7C2微单套机,ProductOffer,ProductOffer|Entity,ProductOffer,,,,,,11449,,,,,,,,,,,,,,,,,,,,,,,,,,,,,,,,微单相机,100064843454,索尼A7C2微单套机,SONY京东自营旗舰店,已售8万+,80000,,https://item.jd.com/100064843454.html,2026-06-06T07:20:34.773Z,Alpha 7C II,,,,,,,,,,,京东
offer_jd_100207538577,索尼（SONY）ZV-E10K APS-C画幅微单相机 新升级标准镜头套装 白色 新套机镜头E PZ 16-50mm F3.5-5.6 OSS II,ProductOffer,ProductOffer|Entity,ProductOffer,,,,,,3599.1,,,,,,,,,,,,,,,,,,,,,,,,,,,,,,,,微单相机,100207538577,索尼（SONY）ZV-E10K APS-C画幅微单相机 新升级标准镜头套装 白色 新套机镜头E PZ 16-50mm F3.5-5.6 OSS II,SONY京东自营旗舰店,已售9万+,90000,,https://item.jd.com/100207538577.html,2026-06-06T07:20:34.774Z,ZV-E10,E PZ 16-50mm F3.5-5.6 OSS,,,,,,,,,,京东
offer_jd_100207538579,索尼（SONY）ZV-E10K APS-C画幅微单相机 新升级标准镜头套装 黑色 新套机镜头E PZ 16-50mm F3.5-5.6 OSS II,ProductOffer,ProductOffer|Entity,ProductOffer,,,,,,3599.1,,,,,,,,,,,,,,,,,,,,,,,,,,,,,,,,微单相机,100207538579,索尼（SONY）ZV-E10K APS-C画幅微单相机 新升级标准镜头套装 黑色 新套机镜头E PZ 16-50mm F3.5-5.6 OSS II,SONY京东自营旗舰店,已售9万+,90000,,https://item.jd.com/100207538579.html,2026-06-06T07:20:34.772Z,ZV-E10,E PZ 16-50mm F3.5-5.6 OSS,,,,,,,,,,京东
offer_jd_100216074669,索尼（SONY）ZV-E10K微单相机 半画幅直播4K视频 Vlog美颜神器 侧翻液晶屏数码相机 新升级标准镜头,ProductOffer,ProductOffer|Entity,ProductOffer,,,,,,3498.3,,,,,,,,,,,,,,,,,,,,,,,,,,,,,,,,微单相机,100216074669,索尼（SONY）ZV-E10K微单相机 半画幅直播4K视频 Vlog美颜神器 侧翻液晶屏数码相机 新升级标准镜头,索尼（SONY）影像京东自营专区,已售4000+,4000,单镜头套装微单相机好评榜第5名,https://item.jd.com/100216074669.html,2026-06-06T07:20:34.773Z,ZV-E10,,,,,,,,,,,京东
offer_jd_100262353621,索尼（SONY）【618专享】ZV-E10K APS-C画幅微单相机 黑色机身+新16-50人像+55-210长焦超值双镜头套装,ProductOffer,ProductOffer|Entity,ProductOffer,,,,,,4653.9,,,,,,,,,,,,,,,,,,,,,,,,,,,,,,,,微单相机,100262353621,索尼（SONY）【618专享】ZV-E10K APS-C画幅微单相机 黑色机身+新16-50人像+55-210长焦超值双镜头套装,SONY京东自营旗舰店,已售9万+,90000,双镜头套装微单相机热卖榜第5名,https://item.jd.com/100262353621.html,2026-06-06T07:20:34.773Z,ZV-E10,E PZ 16-50mm F3.5-5.6 OSS,,,,,,,,,,京东
offer_jd_10033910239285,Canon佳能r100入门级微单相机 旅行家用学生vlog视频送礼物 4k小巧便携半画幅数码相机 R100 套机 送礼好物 【国家补贴至高立省15%】 官方标配,ProductOffer,ProductOffer|Entity,ProductOffer,,,,,,2599,,,,,,,,,,,,,,,,,,,,,,,,,,,,,,,,微单相机,10033910239285,Canon佳能r100入门级微单相机 旅行家用学生vlog视频送礼物 4k小巧便携半画幅数码相机 R100 套机 送礼好物 【国家补贴至高立省15%】 官方标配【不含内存卡配件 推荐购买套餐】,佳能（Canon）数码影像旗舰店,已售1万+,10000,主推微单相机热卖榜第4名,https://item.jd.com/10033910239285.html,2026-06-06T07:20:34.772Z,EOS R100,,,,,,,,,,,京东
offer_jd_10039419624359,【佳能旗舰店】r100入门相机,ProductOffer,ProductOffer|Entity,ProductOffer,,,,,,2889,,,,,,,,,,,,,,,,,,,,,,,,,,,,,,,,微单相机,10039419624359,【佳能旗舰店】r100入门相机,佳能旗舰店,已售100万+,1000000,,https://item.jd.com/10039419624359.html,2026-06-06T07:20:34.774Z,EOS R100,,,,,,,,,,,京东
offer_jd_10054809857901,索尼（SONY）ZV-E10K APS-C半画微单 ZV-E10 vlog直播4K视频侧翻式ZV-E10L/zv-e10/ZV-E10K 黑色单机 官方标配（不,ProductOffer,ProductOffer|Entity,ProductOffer,,,,,,3130.2,,,,,,,,,,,,,,,,,,,,,,,,,,,,,,,,微单相机,10054809857901,索尼（SONY）ZV-E10K APS-C半画微单 ZV-E10 vlog直播4K视频侧翻式ZV-E10L/zv-e10/ZV-E10K 黑色单机 官方标配（不含内存卡）,索尼（SONY）数码相机旗舰店,已售2万+,20000,,https://item.jd.com/10054809857901.html,2026-06-06T07:20:34.773Z,ZV-E10,,,,,,,,,,,京东
offer_jd_10066504677198,佳能r50相机 入门级微单 旅行家用学生vlog视频 4k小巧便携 半画幅 记录 高清便携 R50数码照相机 EOSR50 18-45 STM黑色套机 送礼好物,ProductOffer,ProductOffer|Entity,ProductOffer,,,,,,5799,,,,,,,,,,,,,,,,,,,,,,,,,,,,,,,,微单相机,10066504677198,佳能r50相机 入门级微单 旅行家用学生vlog视频 4k小巧便携 半画幅 记录 高清便携 R50数码照相机 EOSR50 18-45 STM黑色套机 送礼好物 官方标配【不含内存...,佳能（Canon）相机官方旗舰店,已售100万+,1000000,,https://item.jd.com/10066504677198.html,2026-06-06T07:20:34.774Z,EOS R50,RF-S 18-45mm F4.5-6.3 IS STM,,,,,,,,,,京东
offer_jd_10068864908740,佳能r50相机 入门级微单 旅行家用学生vlog视频 4k小巧便携 半画幅 记录 高清便携 R50数码照相机 EOSR50 18-45 STM白色套机 送礼好物,ProductOffer,ProductOffer|Entity,ProductOffer,,,,,,5799,,,,,,,,,,,,,,,,,,,,,,,,,,,,,,,,微单相机,10068864908740,佳能r50相机 入门级微单 旅行家用学生vlog视频 4k小巧便携 半画幅 记录 高清便携 R50数码照相机 EOSR50 18-45 STM白色套机 送礼好物 官方标配【不含内存卡相机包等必要配件,佳能（Canon）相机官方旗舰店,已售200万+,2000000,,https://item.jd.com/10068864908740.html,2026-06-06T07:20:34.773Z,EOS R50,RF-S 18-45mm F4.5-6.3 IS STM,,,,,,,,,,京东
offer_jd_10070240860330,佳能（Canon）EOS R50 微单半画幅相机 r50小巧便携 Vlog拍摄直播相机 4K短视频 学生微单相机 R50白色 RF-S18-45套机【日常家用】,ProductOffer,ProductOffer|Entity,ProductOffer,,,,,,5799,,,,,,,,,,,,,,,,,,,,,,,,,,,,,,,,微单相机,10070240860330,佳能（Canon）EOS R50 微单半画幅相机 r50小巧便携 Vlog拍摄直播相机 4K短视频 学生微单相机 R50白色 RF-S18-45套机【日常家用】 官方标配【京东多仓发~快可次日达】,佳能（Canon）数码旗舰店,已售100万+,1000000,,https://item.jd.com/10070240860330.html,2026-06-06T07:20:34.773Z,EOS R50,RF-S 18-45mm F4.5-6.3 IS STM,,,,,,,,,,京东
offer_jd_10096485342065,佳能（Canon）r100微单相机 4K数码高清旅游vlog视频 R100学生入门级微单 R100 18-45 STM套机【日常热款】 官方标配【不含内存卡基础,ProductOffer,ProductOffer|Entity,ProductOffer,,,,,,2589,,,,,,,,,,,,,,,,,,,,,,,,,,,,,,,,微单相机,10096485342065,佳能（Canon）r100微单相机 4K数码高清旅游vlog视频 R100学生入门级微单 R100 18-45 STM套机【日常热款】 官方标配【不含内存卡基础配件 推荐购买套餐】,佳能（Canon）影像旗舰店,已售100万+,1000000,主推微单相机热卖榜第10名,https://item.jd.com/10096485342065.html,2026-06-06T07:20:34.773Z,EOS R100,RF-S 18-45mm F4.5-6.3 IS STM,,,,,,,,,,京东
offer_jd_10097041537048,佳能（Canon）EOS R100 迷你微单 小巧轻便微单相机 Vlog拍摄日常记录 4K视频家用直播旅游r100照相机 学生微单 R100+RF-S18-45,ProductOffer,ProductOffer|Entity,ProductOffer,,,,,,2589,,,,,,,,,,,,,,,,,,,,,,,,,,,,,,,,微单相机,10097041537048,佳能（Canon）EOS R100 迷你微单 小巧轻便微单相机 Vlog拍摄日常记录 4K视频家用直播旅游r100照相机 学生微单 R100+RF-S18-45套机【日常家用】 官方标配【京东多仓发~,佳能（Canon）数码旗舰店,已售50万+,500000,美颜拍摄微单相机热卖榜第7名,https://item.jd.com/10097041537048.html,2026-06-06T07:20:34.773Z,EOS R100,RF-S 18-45mm F4.5-6.3 IS STM,,,,,,,,,,京东
offer_jd_10110724739640,入门级微单相机 旅行家用学生vlog视频 4k小巧便携半画幅 人像 初学者 半画幅相机 数码相机 R100 RF-S 18-45STM 套机 官方标配【不含内存,ProductOffer,ProductOffer|Entity,ProductOffer,,,,,,2589,,,,,,,,,,,,,,,,,,,,,,,,,,,,,,,,微单相机,10110724739640,入门级微单相机 旅行家用学生vlog视频 4k小巧便携半画幅 人像 初学者 半画幅相机 数码相机 R100 RF-S 18-45STM 套机 官方标配【不含内存卡相机包等必要...,佳能（Canon）相机官方旗舰店,已售100万+,1000000,,https://item.jd.com/10110724739640.html,2026-06-06T07:20:34.772Z,EOS R100,RF-S 18-45mm F4.5-6.3 IS STM,,,,,,,,,,京东
offer_jd_10137496244596,富士（FUJIFILM）富士XT30三代 XT30III 三代入门微单数码相机 4KVlog摄影摄像机 X-T30III 复古黑（单机身） 官方标配（机身+肩带,ProductOffer,ProductOffer|Entity,ProductOffer,,,,,,6049,,,,,,,,,,,,,,,,,,,,,,,,,,,,,,,,微单相机,10137496244596,富士（FUJIFILM）富士XT30三代 XT30III 三代入门微单数码相机 4KVlog摄影摄像机 X-T30III 复古黑（单机身） 官方标配（机身+肩带+原装电池）,甄选数码买手店,已售7000+,7000,,https://item.jd.com/10137496244596.html,2026-06-06T07:20:34.773Z,X-T30III,,,,,,,,,,,京东
offer_jd_10137496294268,富士（FUJIFILM）富士XT30三代 XT30III 三代入门微单数码相机 4KVlog摄影摄像机 X-T30III银+XC15-45mm变焦镜头 官方标配,ProductOffer,ProductOffer|Entity,ProductOffer,,,,,,7449,,,,,,,,,,,,,,,,,,,,,,,,,,,,,,,,微单相机,10137496294268,富士（FUJIFILM）富士XT30三代 XT30III 三代入门微单数码相机 4KVlog摄影摄像机 X-T30III银+XC15-45mm变焦镜头 官方标配（机身+肩带+原装电池）,甄选数码买手店,已售7000+,7000,,https://item.jd.com/10137496294268.html,2026-06-06T07:20:34.774Z,X-T30III,XC 15-45mm F3.5-5.6 OIS PZ,,,,,,,,,,京东
offer_jd_10158296775136,【大促底价】富士XT5 16 55二代 全新官方标配,ProductOffer,ProductOffer|Entity,ProductOffer,,,,,,19698,,,,,,,,,,,,,,,,,,,,,,,,,,,,,,,,微单相机,10158296775136,【大促底价】富士XT5 16 55二代 全新官方标配,乐严选数码买手店,已售2000+,2000,,https://item.jd.com/10158296775136.html,2026-06-06T07:20:34.772Z,X-T5,,,,,,,,,,,京东
offer_jd_10165137640802,佳能Canon [官方旗舰店] EOS R100套机入门微单相机照相机 买家秀晒图赢20元E卡 至高24期免息 EOS R100 套机 RF-S18-45mm,ProductOffer,ProductOffer|Entity,ProductOffer,,,,,,2499,,,,,,,,,,,,,,,,,,,,,,,,,,,,,,,,微单相机,10165137640802,佳能Canon [官方旗舰店] EOS R100套机入门微单相机照相机 买家秀晒图赢20元E卡 至高24期免息 EOS R100 套机 RF-S18-45mm,官方旗舰店,已售1000+,1000,佳能RF卡口微单相机热卖榜第8名,https://item.jd.com/10165137640802.html,2026-06-06T07:20:34.772Z,EOS R100,RF-S 18-45mm F4.5-6.3 IS STM,,,,,,,,,,京东
offer_jd_10183298551057,索尼（SONY）ZV-E10K 半画幅微单相机 美肤拍照 精准对焦 VLOG APS-C画幅 ZVE10/ZV-10 ZV-E10黑色单机 标配,ProductOffer,ProductOffer|Entity,ProductOffer,,,,,,3124,,,,,,,,,,,,,,,,,,,,,,,,,,,,,,,,微单相机,10183298551057,索尼（SONY）ZV-E10K 半画幅微单相机 美肤拍照 精准对焦 VLOG APS-C画幅 ZVE10/ZV-10 ZV-E10黑色单机 标配,索尼（SONY）数码旗舰店,已售8000+,8000,纯机身入门级微单相机折扣榜第6名,https://item.jd.com/10183298551057.html,2026-06-06T07:20:34.773Z,ZV-E10,,,,,,,,,,,京东
offer_jd_10202282356480,索尼（SONY）ZV-E10K 半画幅微单相机 美肤拍照 精准对焦 VLOG APS-C画幅 索尼zve10/ZV-10 创意滤镜 E10K黑色 套机 官方标配,ProductOffer,ProductOffer|Entity,ProductOffer,,,,,,3446.1,,,,,,,,,,,,,,,,,,,,,,,,,,,,,,,,微单相机,10202282356480,索尼（SONY）ZV-E10K 半画幅微单相机 美肤拍照 精准对焦 VLOG APS-C画幅 索尼zve10/ZV-10 创意滤镜 E10K黑色 套机 官方标配,SONY数码专卖店,已售1000+,1000,索尼E卡口微单相机热卖榜第7名,https://item.jd.com/10202282356480.html,2026-06-06T07:20:34.772Z,ZV-E10,,,,,,,,,,,京东
offer_jd_10202282356481,索尼（SONY）ZV-E10K 半画幅微单相机 美肤拍照 精准对焦 VLOG APS-C画幅 索尼zve10/ZV-10 创意滤镜 E10K白色 套机 官方标配,ProductOffer,ProductOffer|Entity,ProductOffer,,,,,,3446.1,,,,,,,,,,,,,,,,,,,,,,,,,,,,,,,,微单相机,10202282356481,索尼（SONY）ZV-E10K 半画幅微单相机 美肤拍照 精准对焦 VLOG APS-C画幅 索尼zve10/ZV-10 创意滤镜 E10K白色 套机 官方标配,SONY数码专卖店,已售1000+,1000,,https://item.jd.com/10202282356481.html,2026-06-06T07:20:34.773Z,ZV-E10,,,,,,,,,,,京东
offer_jd_10220073054348,索尼（SONY）ZV-E10K 半画幅微单相机 美肤拍照 颜值机身 精准对焦 VLOG APS-C画幅 ZV-E10黑色单机身 (上海、江苏专享) 官方标配,ProductOffer,ProductOffer|Entity,ProductOffer,,,,,,2940,,,,,,,,,,,,,,,,,,,,,,,,,,,,,,,,微单相机,10220073054348,索尼（SONY）ZV-E10K 半画幅微单相机 美肤拍照 颜值机身 精准对焦 VLOG APS-C画幅 ZV-E10黑色单机身 (上海、江苏专享) 官方标配,克尔数码专营店,已售600+,600,,https://item.jd.com/10220073054348.html,2026-06-06T07:20:34.772Z,ZV-E10,,,,,,,,,,,京东
price_jd_a7c2,Alpha 7C II 京东当前价,PriceRecord,PriceRecord|Entity,PriceRecord,,,,,,11449,,,,,,,,,,,,,,,,,,,,,,,,,,??,,,,,,,,,,,,,,,,,???,2026-06-06,??,新品,,,,,,
price_jd_r100,EOS R100 京东当前价,PriceRecord,PriceRecord|Entity,PriceRecord,,,,,,2499,,,,,,,,,,,,,,,,,,,,,,,,,,??,,,,,,,,,,,,,,,,,???,2026-06-06,??,新品,,,,,,
price_jd_r50,EOS R50 京东当前价,PriceRecord,PriceRecord|Entity,PriceRecord,,,,,,5799,,,,,,,,,,,,,,,,,,,,,,,,,,??,,,,,,,,,,,,,,,,,???,2026-06-06,??,新品,,,,,,
price_jd_xt5,X-T5 京东当前价,PriceRecord,PriceRecord|Entity,PriceRecord,,,,,,19698,,,,,,,,,,,,,,,,,,,,,,,,,,??,,,,,,,,,,,,,,,,,???,2026-06-06,??,新品,,,,,,
price_jd_zve10,ZV-E10 京东当前价,PriceRecord,PriceRecord|Entity,PriceRecord,,,,,,2940,,,,,,,,,,,,,,,,,,,,,,,,,,??,,,,,,,,,,,,,,,,,???,2026-06-06,??,新品,,,,,,
price_official_a7c2,Alpha 7C II 官方参考价,PriceRecord,PriceRecord|Entity,PriceRecord,,,,,,13999,,,,,,,,,,,,,,,,,,,,,,,,,,????,,,,,,,,,,,,,,,,,?????,2026-06-06,??,新品,,,,,,
price_official_r100,EOS R100 官方参考价,PriceRecord,PriceRecord|Entity,PriceRecord,,,,,,3999,,,,,,,,,,,,,,,,,,,,,,,,,,????,,,,,,,,,,,,,,,,,?????,2026-06-06,??,新品,,,,,,
price_official_r50,EOS R50 官方参考价,PriceRecord,PriceRecord|Entity,PriceRecord,,,,,,4599,,,,,,,,,,,,,,,,,,,,,,,,,,????,,,,,,,,,,,,,,,,,?????,2026-06-06,??,新品,,,,,,
price_official_xt5,X-T5 官方参考价,PriceRecord,PriceRecord|Entity,PriceRecord,,,,,,11990,,,,,,,,,,,,,,,,,,,,,,,,,,????,,,,,,,,,,,,,,,,,?????,2026-06-06,??,新品,,,,,,
price_official_zve10,ZV-E10 官方参考价,PriceRecord,PriceRecord|Entity,PriceRecord,,,,,,4599,,,,,,,,,,,,,,,,,,,,,,,,,,????,,,,,,,,,,,,,,,,,?????,2026-06-06,??,新品,,,,,,
price_used_a7c2,Alpha 7C II 二手参考价,PriceRecord,PriceRecord|Entity,PriceRecord,,,,,,10500,,,,,,,,,,,,,,,,,,,,,,,,,,????,,,,,,,,,,,,,,,,,???,2026-06-06,????,二手良品,,,,,,
price_used_r100,EOS R100 二手参考价,PriceRecord,PriceRecord|Entity,PriceRecord,,,,,,2200,,,,,,,,,,,,,,,,,,,,,,,,,,????,,,,,,,,,,,,,,,,,???,2026-06-06,????,二手良品,,,,,,
price_used_r50,EOS R50 二手参考价,PriceRecord,PriceRecord|Entity,PriceRecord,,,,,,3800,,,,,,,,,,,,,,,,,,,,,,,,,,????,,,,,,,,,,,,,,,,,???,2026-06-06,????,二手良品,,,,,,
price_used_xt5,X-T5 二手参考价,PriceRecord,PriceRecord|Entity,PriceRecord,,,,,,9000,,,,,,,,,,,,,,,,,,,,,,,,,,????,,,,,,,,,,,,,,,,,???,2026-06-06,????,二手良品,,,,,,
price_used_zve10,ZV-E10 二手参考价,PriceRecord,PriceRecord|Entity,PriceRecord,,,,,,2600,,,,,,,,,,,,,,,,,,,,,,,,,,????,,,,,,,,,,,,,,,,,???,2026-06-06,????,二手良品,,,,,,
profile_beginner_low,新手低预算用户,UserProfile,UserProfile|Entity,UserProfile,,,,,,,,,,,,,,,,,,,,,,,,,,预算有限、第一次买相机，重视易用、价格和轻便,0,5000,新手,入门学习,高,,,,,,,,,,,,,,,,,,,,,,,,,,,
profile_beginner_video,新手视频/Vlog用户,UserProfile,UserProfile|Entity,UserProfile,,,,,,,,,,,,,,,,,,,,,,,,,,想拍短视频、直播或Vlog，希望操作简单,3000,8000,新手,视频创作,高,,,,,,,,,,,,,,,,,,,,,,,,,,,
profile_portrait_ff,人像全画幅用户,UserProfile,UserProfile|Entity,UserProfile,,,,,,,,,,,,,,,,,,,,,,,,,,想拍人像和虚化，偏好全画幅与镜头生态,8000,20000,进阶,人像摄影,中,,,,,,,,,,,,,,,,,,,,,,,,,,,
profile_sports_bird,体育生态用户,UserProfile,UserProfile|Entity,UserProfile,,,,,,,,,,,,,,,,,,,,,,,,,,重视高速连拍、追焦和长焦生态,12000,50000,专业,体育生态摄影,低,,,,,,,,,,,,,,,,,,,,,,,,,,,
profile_studio_commercial,商业棚拍用户,UserProfile,UserProfile|Entity,UserProfile,,,,,,,,,,,,,,,,,,,,,,,,,,重视高像素、色彩、可靠性和专业工作流,20000,80000,专业,商业棚拍,低,,,,,,,,,,,,,,,,,,,,,,,,,,,
profile_travel_light,旅行轻便用户,UserProfile,UserProfile|Entity,UserProfile,,,,,,,,,,,,,,,,,,,,,,,,,,旅行随拍和街拍，重视重量和便携,5000,15000,进阶,旅行随拍,高,,,,,,,,,,,,,,,,,,,,,,,,,,,
profile_video_pro,专业视频创作者,UserProfile,UserProfile|Entity,UserProfile,,,,,,,,,,,,,,,,,,,,,,,,,,重视视频规格、防抖、码率、散热和接口,12000,40000,专业,视频创作,中,,,,,,,,,,,,,,,,,,,,,,,,,,,
reason_fast,高速连拍,Reason,Reason|Entity,Reason,,,,,,,,,,,,,,,,,,,,,,,,,,连拍指标适合运动、生态和新闻场景,,,,,,,,,,,,,,,,,,,,,,,,,,,,,,,,
reason_full_frame,全画幅画质,Reason,Reason|Entity,Reason,,,,,,,,,,,,,,,,,,,,,,,,,,全画幅系统具备更好的高感和景深控制潜力,,,,,,,,,,,,,,,,,,,,,,,,,,,,,,,,
reason_lens_ecosystem,镜头生态完善,Reason,Reason|Entity,Reason,,,,,,,,,,,,,,,,,,,,,,,,,,可兼容同品牌多支主流镜头,,,,,,,,,,,,,,,,,,,,,,,,,,,,,,,,
reason_light,轻便机身,Reason,Reason|Entity,Reason,,,,,,,,,,,,,,,,,,,,,,,,,,重量较低，适合旅行和日常携带,,,,,,,,,,,,,,,,,,,,,,,,,,,,,,,,
reason_low_cost,预算友好,Reason,Reason|Entity,Reason,,,,,,,,,,,,,,,,,,,,,,,,,,机身价格较低，适合入门或备用机,,,,,,,,,,,,,,,,,,,,,,,,,,,,,,,,
reason_video,视频规格突出,Reason,Reason|Entity,Reason,,,,,,,,,,,,,,,,,,,,,,,,,,具备4K60p、4K120p或8K等视频能力,,,,,,,,,,,,,,,,,,,,,,,,,,,,,,,,
review_a7c2,Alpha 7C II 综合评测,ReviewRecord,ReviewRecord|Entity,ReviewRecord,,,,,,,,,,,,,,,,,,,,,,,,,,,,,,,,,,,,,,,,,,,,,,,,,,,,9.1,4.8,??????AI??????????,?????????,2026-06-06,2026-06-06,
review_r100,EOS R100 综合评测,ReviewRecord,ReviewRecord|Entity,ReviewRecord,,,,,,,,,,,,,,,,,,,,,,,,,,,,,,,,,,,,,,,,,,,,,,,,,,,,7.8,4.6,?????????????,???????????????,2026-06-06,2026-06-06,
review_r50,EOS R50 综合评测,ReviewRecord,ReviewRecord|Entity,ReviewRecord,,,,,,,,,,,,,,,,,,,,,,,,,,,,,,,,,,,,,,,,,,,,,,,,,,,,8.5,4.8,???????????,??????????,2026-06-06,2026-06-06,
review_xt5,X-T5 综合评测,ReviewRecord,ReviewRecord|Entity,ReviewRecord,,,,,,,,,,,,,,,,,,,,,,,,,,,,,,,,,,,,,,,,,,,,,,,,,,,,9.0,4.8,?????????????,??????????????,2026-06-06,2026-06-06,
review_zve10,ZV-E10 综合评测,ReviewRecord,ReviewRecord|Entity,ReviewRecord,,,,,,,,,,,,,,,,,,,,,,,,,,,,,,,,,,,,,,,,,,,,,,,,,,,,8.4,4.7,????Vlog???????,????????????,2026-06-06,2026-06-06,
use_beginner,入门学习,UseCase,UseCase|Entity,UseCase,,,,,,,,,,,,,,,,,,,,,,,,,,重视价格友好、重量轻、操作简单和镜头成本,,,,,,,,,,,,,,,,,,,,,,,,,,,,,,,,
use_landscape,风光摄影,UseCase,UseCase|Entity,UseCase,,,,,,,,,,,,,,,,,,,,,,,,,,重视高像素、宽容度、广角镜头和三脚架工作流,,,,,,,,,,,,,,,,,,,,,,,,,,,,,,,,
use_live,直播带货,UseCase,UseCase|Entity,UseCase,,,,,,,,,,,,,,,,,,,,,,,,,,重视视频追焦、翻转屏、采集卡兼容和连续供电,,,,,,,,,,,,,,,,,,,,,,,,,,,,,,,,
use_portrait,人像摄影,UseCase,UseCase|Entity,UseCase,,,,,,,,,,,,,,,,,,,,,,,,,,重视全画幅、浅景深、镜头系统和高画质,,,,,,,,,,,,,,,,,,,,,,,,,,,,,,,,
use_professional,商业专业拍摄,UseCase,UseCase|Entity,UseCase,,,,,,,,,,,,,,,,,,,,,,,,,,重视旗舰性能、高可靠性、双卡和专业镜头生态,,,,,,,,,,,,,,,,,,,,,,,,,,,,,,,,
use_sports,体育生态摄影,UseCase,UseCase|Entity,UseCase,,,,,,,,,,,,,,,,,,,,,,,,,,重视高速连拍、追焦性能和长焦镜头系统,,,,,,,,,,,,,,,,,,,,,,,,,,,,,,,,
use_street,街拍扫街,UseCase,UseCase|Entity,UseCase,,,,,,,,,,,,,,,,,,,,,,,,,,重视轻便、低侵扰、直出色彩和快速启动,,,,,,,,,,,,,,,,,,,,,,,,,,,,,,,,
use_studio,商业棚拍,UseCase,UseCase|Entity,UseCase,,,,,,,,,,,,,,,,,,,,,,,,,,重视高像素、色彩、灯光同步和稳定工作流,,,,,,,,,,,,,,,,,,,,,,,,,,,,,,,,
use_travel,旅行随拍,UseCase,UseCase|Entity,UseCase,,,,,,,,,,,,,,,,,,,,,,,,,,重视轻便机身、直出色彩和通用焦段,,,,,,,,,,,,,,,,,,,,,,,,,,,,,,,,
use_video,视频创作,UseCase,UseCase|Entity,UseCase,,,,,,,,,,,,,,,,,,,,,,,,,,重视4K或8K视频规格、防抖、散热和接口扩展,,,,,,,,,,,,,,,,,,,,,,,,,,,,,,,,
